,1960,1961,1962,1963,1964,1965,1966,1967,1968,1969,1970,1971,1972,1973,1974,1975,1976,1977,1978,1979,1980,1981,1982,1983,1984,1985,1986,1987,1988,1989,1990,1991,1992,1993,1994,1995,1996,1997,1998,1999,2000,2001,2002,2003,2004,2005,2006,2007,2008,2009
Albania,..,..,..,..,..,..,..,..,..,..,..,..,..,..,..,..,..,..,..,..,1060.684602,1099.520368,1110.53745,1101.374549,1065.267404,1059.865744,1091.482476,1054.068855,1013.391112,1092.264899,977.7655298,688.2659917,643.9187325,715.402971,786.2523727,901.8913013,992.7905513,897.0394522,1014.637688,1119.216517,1201.819751,1285.181694,1319.486177,1389.9734,1466.309431,1541.037335,1612.298447,1703.194727,1799.164349,
Algeria,1280.384828,1085.414711,855.9480624,1128.41578,1170.323996,1215.015885,1127.61438,1200.55832,1291.864182,1359.491207,1436.129879,1235.664065,1527.647412,1538.307958,1603.350963,1632.29612,1714.071608,1747.672397,1848.450199,1923.301713,1876.075339,1869.595027,1924.553463,1963.290403,2008.439753,2020.174524,1970.04379,1902.575396,1833.908256,1865.731363,1833.951569,1767.983969,1757.413153,1681.845549,1631.862416,1661.548776,1699.926992,1691.814055,1752.263467,1782.766315,1796.038877,1816.05198,1873.574615,1973.245744,2045.024625,2117.369423,2127.536644,2158.568837,2189.998224,
Andorra,..,..,..,..,..,..,..,..,..,..,..,..,..,..,..,..,..,..,..,..,..,..,..,..,..,..,..,..,..,..,..,..,..,..,..,..,..,..,..,..,..,..,..,20536.04152,20442.54392,20782.79674,21580.74426,21272.87971,..,
Angola,..,..,..,..,..,..,..,..,..,..,..,..,..,..,..,..,..,..,..,..,..,..,..,..,..,773.6088799,773.1610642,813.1010179,837.6094269,819.3414265,793.8746568,760.0149729,684.2032253,497.9198411,498.7451035,534.2102359,577.9711353,608.0152918,633.6369689,637.7632162,639.3199239,640.3543844,710.9225831,711.7795943,767.4111492,898.7451534,1036.180765,1213.266852,1337.606868,
Antigua and Barbuda,..,..,..,..,..,..,..,..,..,..,..,..,..,..,..,..,..,..,..,..,..,..,..,..,..,..,..,..,..,..,..,..,..,..,..,7889.807111,8203.688815,8381.692952,8531.280229,8673.022534,8610.652402,8630.567887,8697.29215,9014.059886,9529.720627,9841.938323,10943.10486,11892.01925,12047.31813,
Argentina,5236.779417,5432.860628,5301.995897,4943.277199,5362.290424,5842.322592,5721.282136,5821.773842,6017.805982,6506.574025,6605.904497,6872.601586,6873.949714,6953.039722,7218.522596,7099.7002,6844.41264,7201.712854,6768.354607,7344.780575,7534.588178,7002.47751,6561.368886,6721.01448,6774.158033,6171.984704,6562.688709,6655.908849,6391.585739,5827.302148,5606.857227,6229.319483,6877.862402,7186.371242,7505.384092,7197.174178,7497.732214,8003.963478,8210.796265,7840.713757,7693.923442,7279.966276,6425.130369,6929.105483,7486.145319,8097.418686,8699.009376,9359.588686,9893.811398,
Armenia,..,..,..,..,..,..,..,..,..,..,..,..,..,..,..,..,..,..,..,..,..,..,..,..,..,..,..,..,..,..,795.3789052,708.846534,419.9751209,392.0592362,423.2563248,461.9199337,496.8774537,519.5018297,562.0491271,584.0815316,621.4828107,683.4527329,774.7966739,883.4494825,975.6122753,1110.105331,1255.185395,1425.299417,1519.925876,
Aruba,..,..,..,..,..,..,..,..,..,..,..,..,..,..,..,..,..,..,..,..,..,..,..,..,..,..,..,12720.35688,15071.75786,16461.5608,18150.78178,18216.87663,18012.65308,17699.84891,17792.07655,18945.86701,18548.09374,19483.3757,20358.72074,20195.04365,20502.10353,19902.95449,18946.08094,18810.99296,..,..,..,..,..,
Australia,..,..,..,..,..,10449.84372,10455.12396,10972.23386,11335.40293,11881.44891,12483.29292,12553.29311,12811.07227,12952.79373,13138.91218,13133.50431,13354.26055,13661.80216,13624.83477,14043.36517,14308.20769,14559.65158,14772.76816,14243.40463,14741.70938,15315.87218,15736.67985,15873.94982,16421.64669,16743.03421,17146.57458,16820.25695,16625.23128,17072.83772,17586.02632,18127.42487,18624.34029,19135.41289,19789.18357,20581.71555,21151.29985,21264.49747,21804.77408,22226.55809,22849.17933,23181.00066,23526.7708,23871.1266,24334.68891,
Austria,7478.5929,7849.322525,8008.633627,8291.212065,8746.555254,9001.048921,9440.003223,9684.208859,10084.3342,10685.28357,11349.52265,11875.46035,12528.70382,13066.20611,13561.74988,13526.92111,14153.5486,14848.68387,14838.75472,15654.59433,15927.4924,15879.30705,16169.23938,16695.17974,16705.30547,17108.84507,17482.0495,17698.71099,18153.73914,18743.13915,19323.63941,19743.34096,20158.39403,19860.68585,20300.18866,20751.98411,21183.04362,21616.61552,22361.95189,23051.88239,23865.45762,23895.85891,24167.45301,24258.54518,24702.67799,25231.87178,25928.561,26664.20178,27017.46224,
Azerbaijan,..,..,..,..,..,..,..,..,..,..,..,..,..,..,..,..,..,..,..,..,..,..,..,..,..,..,..,..,..,..,1250.740045,1222.853754,932.2568554,706.0969395,559.3831564,487.726356,489.1025825,512.518977,558.4274126,594.4920442,655.1027308,714.4006283,784.2533612,865.5076344,945.4805647,1182.918429,1573.642156,1945.63752,2131.228669,
Bahamas,9455.883842,9952.598453,10445.31463,10973.25236,11544.26016,12907.28634,13469.98166,14159.57438,14771.68487,15551.28493,14234.87257,14096.59931,13305.69991,14032.28252,11459.85058,9572.87162,9864.331087,10542.36383,11780.41794,14540.28239,15152.48173,13458.33053,14049.11562,14243.10718,15925.02615,16364.87467,16349.08128,16539.38137,16629.41161,17438.10714,16849.1878,15840.67206,14940.68595,14696.10819,14871.31538,15240.01623,15607.75669,16363.36734,17344.28593,17647.01361,18136.4267,17834.69103,17957.13414,17302.2825,17057.24011,17407.9207,17990.51086,18264.16796,..,
Bahrain,..,..,..,..,..,..,..,..,..,..,..,..,..,..,..,..,..,..,..,..,11479.34672,10452.2852,9325.053145,9593.33227,9744.594115,8970.125045,8763.998975,9338.700179,9643.587772,9343.694749,9426.689436,10134.37239,10456.58642,11427.14724,11056.23033,11169.82107,11329.81465,11401.76876,11677.95068,11910.26205,12262.37499,12538.22471,12900.55581,13518.90334,13958.98935,14719.48125,15368.76883,16298.95073,16967.80233,
Bangladesh,235.6860717,244.2785622,251.6699598,244.6792551,265.0511392,262.8316482,262.9970662,251.6764513,268.6477816,265.0199152,272.7189509,251.0791954,210.3333605,211.5947613,225.7471871,210.7694794,216.7912736,216.6886551,225.8776765,230.4627167,226.2112317,228.6176547,227.9087213,230.9137902,236.7015041,238.2760312,242.4098133,245.553653,245.1221749,245.9252735,254.8806176,257.8236664,265.2386213,271.7842951,277.2810562,285.2466249,292.6637557,302.5535936,312.3997396,321.5857053,334.5732446,346.020152,355.0815376,367.4835477,384.1919403,400.7032405,420.8331757,441.3836508,462.1229976,
Barbados,3380.335487,3629.332642,3942.535004,3725.652276,3895.338449,4324.781769,4484.590982,4949.137222,5278.561032,5658.19284,6171.650029,6380.445882,6422.964204,6467.926012,6131.001968,6345.55558,6317.167642,6576.018451,6964.165164,7480.766119,7811.855716,7534.186066,7127.581767,7108.437549,7312.753606,7314.781657,7965.48613,8007.396216,8469.458465,8864.075721,8418.07773,8164.229941,7758.764685,7845.898237,8178.238202,8329.86432,8523.170955,9120.598665,9552.283779,9849.465131,10168.04705,9971.084177,9761.015224,..,..,..,..,..,..,
Belarus,..,..,..,..,..,..,..,..,..,..,..,..,..,..,..,..,..,..,..,..,..,..,..,..,..,..,..,..,..,..,1409.778358,1392.177841,1255.818546,1157.769768,1023.510248,920.0339044,948.9599152,1061.634484,1156.297823,1199.662852,1273.049124,1337.849951,1411.756736,1518.999766,1701.450828,1871.393576,2067.609425,2253.464111,2484.773203,
Belgium,7485.878617,7818.26212,8179.347635,8475.513974,8983.835904,9223.957026,9455.011164,9770.392764,10145.1445,10791.86452,11447.65555,11834.31011,12410.0926,13130.66427,13640.08174,13421.97187,14157.5632,14230.24699,14622.75301,14954.42602,15608.44248,15556.95194,15643.16278,15691.94896,16083.87165,16341.24973,16632.36429,17002.22479,17747.72539,18296.90312,18815.29031,19089.14344,19303.18542,19042.62766,19596.69785,20022.07189,20221.04081,20881.9139,21187.32859,21862.03556,22623.27831,22725.23195,22965.45132,23096.79817,23679.03843,23984.09983,24538.23442,25030.15923,25103.22442,
Belize,950.5382803,963.2295629,974.8879261,987.589548,1003.241675,1022.01646,1042.637474,1067.903436,1122.27672,1157.5109,1193.172351,1222.591048,1331.190207,1386.051578,1552.210615,1579.830848,1546.377991,1606.917122,1688.301801,1766.381085,1980.805368,1954.263263,1898.626018,1821.493236,1799.872373,1772.912444,1808.312421,1956.029494,2082.053733,2310.91293,2477.777778,2667.307538,2913.254327,3005.488891,2924.636576,2868.693906,2837.592929,2835.992872,2837.231872,3027.95055,3330.954622,3394.169226,3460.965726,3666.072376,3714.673388,3704.090527,3753.078598,3677.924353,3690.934492,
Benin,274.0190294,278.1673302,264.1555471,271.8007582,284.565664,293.9162589,298.4003832,295.4389223,300.3120362,302.2557598,301.746968,290.4901336,301.9956202,305.7617136,308.2850258,285.8683149,281.0084968,287.2828505,283.1039225,293.3769232,304.571997,325.402405,323.0776388,300.0261139,314.3790316,328.2401706,325.7458618,311.7053192,312.9524045,294.7660513,294.4292456,297.7803535,298.6732028,298.0614025,300.2321698,303.6706765,310.5843588,319.9731026,324.8651028,330.1415042,338.5983794,344.1684612,347.8345967,349.3561954,348.2322303,346.6306386,349.2742461,353.8091039,360.307483,
Bermuda,20956.07207,21406.14189,21834.9624,21559.574,23367.22716,23893.60671,26843.38196,29822.10215,29875.41011,30329.79674,31658.04218,32986.18608,33831.9752,34589.20446,35153.98712,36753.94174,39888.68571,42082.89079,42534.95403,43287.07331,46552.70874,47310.65882,44483.01314,45047.82841,44939.04576,43724.13714,45901.37589,46881.15156,48034.80641,47519.42872,46821.5241,44796.45377,44769.69128,46116.62059,46166.09201,47884.5469,49061.42109,51265.66735,53200.47216,54923.53615,56459.1599,57239.89497,59732.75538,61179.37056,63116.16121,66224.29649,69636.14897,72637.424,..,
Bhutan,..,..,..,..,..,..,..,..,..,..,..,..,..,..,..,..,..,..,..,..,..,265.1481375,279.9351504,293.4141488,307.8267917,312.2656109,326.3309504,378.8654476,422.2081696,438.2402891,473.4455754,499.1369237,518.4729199,547.7809108,578.6308506,619.452671,655.4224716,680.6954992,702.100482,729.8594754,762.344754,791.4810832,835.4036648,882.5022869,917.6540252,954.3123622,993.6221123,1112.964166,1247.043128,
Bolivia,895.6296711,894.2674334,923.3556732,960.952358,984.6297665,1016.675805,1058.246903,1105.591202,948.7162035,955.2974899,928.1076451,951.7565332,1002.755132,1034.566803,1039.162867,1088.266097,1111.204684,1138.674171,1134.74127,1110.110482,1070.327451,1049.868752,987.0264263,927.1933339,905.8115686,871.6075399,830.8097156,832.6867724,837.9933249,850.3230291,869.6465076,894.5313631,888.3196713,904.9464171,925.6897113,947.4734308,967.3768001,993.8132651,1022.119343,1005.428836,1009.677001,1005.954643,1010.375775,1017.356393,1039.377727,1115.979279,1145.488803,1124.96281,1173.237398,
Bosnia and Herzegovina,..,..,..,..,..,..,..,..,..,..,..,..,..,..,..,..,..,..,..,..,..,..,..,..,..,..,..,..,..,..,..,..,..,..,375.996886,471.917418,898.8621585,1186.480026,1326.39915,1404.837449,1445.07598,1486.61276,1553.920319,1613.080842,1712.06846,1797.904837,1909.266882,2041.484249,2155.161458,
Botswana,249.7700155,259.4135336,269.9745542,278.7134823,289.9204662,298.4190174,308.3887356,317.1111741,340.0960596,379.5676266,430.7936295,525.1541331,642.759403,754.6627629,793.6963732,830.805109,885.955658,955.4232534,1051.455193,1135.876266,1226.950774,1292.667331,1402.369988,1536.126878,1615.036476,1676.192531,1757.191851,1906.106782,2208.462982,2422.947375,2511.652326,2621.688473,2622.548477,2600.055854,2623.847934,2670.99998,2752.035142,2962.956352,3206.546664,3371.466511,3586.061249,3716.335624,3789.693027,3979.3601,4188.50442,4328.499087,4394.906392,4434.554074,4497.116864,
Brazil,1448.140089,1549.884935,1582.270699,1548.926194,1556.558633,1559.220299,1580.112778,1614.442949,1753.207579,1876.066464,1990.722966,2162.339455,2365.696996,2633.344327,2804.572961,2881.893817,3090.278936,3157.385855,3183.654552,3320.152995,3538.764231,3305.144099,3248.027512,3066.464829,3157.307619,3336.383644,3530.122817,3586.267439,3515.960846,3566.517059,3354.752532,3349.7193,3281.753355,3382.548813,3509.451936,3609.488729,3631.73658,3698.135567,3644.601112,3600.249126,3701.471956,3697.23195,3743.30099,3735.880782,3899.464311,3974.823976,4086.823232,4273.969686,4447.612255,
Brunei,..,..,..,..,..,..,..,..,..,..,..,..,..,..,22976.70347,22139.74196,25571.10783,27295.46942,28090.46921,33244.52612,29915.32171,23252.87945,23475.25557,22936.80607,22440.28618,21494.73591,20328.0197,20155.91875,19805.36416,19043.32254,18713.33125,18765.50521,19115.06154,18649.05636,18718.9516,19043.85633,19089.71357,18338.30211,17792.34873,17903.88124,17996.02825,18085.95493,18390.84276,18538.37809,18258.99611,17967.88582,18391.93849,18149.65179,..,
Bulgaria,..,..,..,..,..,..,..,..,..,..,..,..,..,..,..,..,..,..,..,..,1332.118975,1394.876562,1424.872953,1471.269118,1518.512791,1556.470868,1619.063641,1714.41041,1899.929489,1858.950704,1720.275802,1590.683937,1490.893196,1480.614208,1514.144703,1563.941494,1424.392095,1351.732927,1415.177891,1456.369602,1563.199914,1658.149981,1741.794998,1839.764386,1972.545569,2106.844072,2260.951427,2412.692199,2569.990562,
Burkina Faso,126.3827857,129.4334767,135.2263149,131.4148463,132.2475981,134.9301666,133.2948102,142.4483044,144.1236674,144.3146212,141.7971181,141.1268163,141.6907984,139.6399516,148.3041307,149.7467585,159.2499368,156.5402314,160.3068526,162.6335386,160.3876497,163.5649804,175.2437523,171.8709894,164.8580715,174.5349206,183.6351267,178.3940911,183.6682199,182.5294164,176.4957746,187.2529699,182.5423377,183.6723528,180.9826866,186.0905816,200.9560376,207.8221785,216.8396717,226.2566769,223.6134711,231.1640253,234.389157,245.0641176,247.9958486,254.9829725,259.9906612,260.2526534,262.728966,
Burundi,98.47333311,83.45008009,89.44433085,91.53632496,95.56318055,97.54874026,100.0982942,111.6826408,109.2196766,105.8074043,126.6064936,128.7482316,119.5760596,126.9201785,124.8879636,124.1973261,131.8686742,144.0828768,139.4297378,138.0583692,135.4430182,147.235138,140.925133,141.2247964,136.6261713,147.581116,147.3249906,150.4051656,153.1310959,150.8571505,152.2796164,156.4397444,155.0476494,143.0301534,135.6888065,123.5311938,112.6426561,110.0724874,114.462116,112.1546732,109.547939,109.5809612,111.6986748,107.3313743,109.2773541,107.0321976,109.1826428,109.7295243,111.3118096,
Cambodia,..,..,..,..,..,..,..,..,..,..,..,..,..,..,..,..,..,..,..,..,..,..,..,..,..,..,..,..,..,..,..,..,..,206.2111643,218.1362591,225.6252034,231.6164263,238.7048487,245.0365599,268.5053405,286.3703637,303.8044893,318.6684061,340.2330693,369.5080733,411.8514803,448.9031605,486.6985468,510.8105407,
Cameroon,509.09666,504.2867115,508.3960329,515.7468819,521.9728456,520.2921955,531.5464794,462.2338618,479.6119792,490.6639086,493.0919588,497.2036332,497.2491591,510.0138378,549.4281691,594.1618974,545.4111104,602.1704263,712.9039963,733.585217,698.1256673,793.8178464,829.1459245,860.8408812,898.5101955,942.4344066,976.1494081,926.3188738,828.0169544,788.6352239,718.767405,671.5354072,632.4030651,595.3513822,564.9760868,568.5233235,582.0098005,596.8439858,612.0481121,623.9736704,635.0299878,648.2911637,658.7110246,669.5064112,678.3865293,678.1328907,684.0735102,692.001814,702.8518479,
Canada,9374.882763,9479.824008,9967.364924,10290.3624,10774.65252,11283.60535,11804.66791,11932.16572,12362.93168,12837.46862,12986.31308,13320.19453,13823.29177,14537.59081,14806.31262,14793.71436,15358.40533,15703.90211,16161.76895,16610.1674,16751.33814,17124.39144,16435.46486,16713.69979,17516.24039,18183.7346,18437.71213,18971.40725,19659.66977,19817.99416,19561.87971,18893.80568,18826.65515,19057.23061,19781.71291,20169.53837,20276.4512,20911.11272,21580.31716,22586.44027,23559.50369,23738.89551,24214.9286,24425.8753,24936.82598,25402.11933,25921.8208,26361.15464,26200.11699,
Cape Verde,..,..,..,..,..,..,..,..,..,..,..,..,..,..,..,..,..,..,..,..,..,624.0102858,645.8067442,701.1771116,757.8519219,800.639316,803.7531514,807.8894249,838.6013343,867.4536787,854.1219686,846.1516166,853.0693865,891.6416607,931.4142823,979.1138247,996.97458,1029.859672,1084.952873,1156.469948,1210.526508,1234.310276,1268.844752,1324.97687,1294.299342,1425.710922,1490.030023,1553.879458,1575.773369,
Central African Rep.,355.8781766,367.2337877,347.3766631,338.5987587,339.0776091,335.5913114,330.9331446,339.2281334,336.8088698,353.2733631,354.2852831,351.3500713,344.6833909,344.5342065,359.2399496,353.3507956,364.6720585,370.2836272,366.165786,348.3995365,324.0879645,310.1268965,324.200732,289.0119582,307.4391549,311.1571979,314.6846582,292.6777945,291.5098053,290.9286059,278.1649933,269.8329933,246.0045105,240.3350713,245.520728,256.5026179,240.1508579,246.7768051,252.3683978,255.682717,256.1353378,251.8408482,245.8434121,223.210648,221.5321403,222.8190438,227.0544081,231.0599504,231.6884373,
Chad,252.8542121,250.9324095,258.6704467,249.0022768,237.5067568,233.8501546,224.8216231,221.8735435,216.2728198,226.1966908,225.2329279,214.9684708,212.107602,189.5358923,194.187553,206.9093379,208.5724812,208.9365374,203.8428254,156.9010132,144.2841443,142.5421111,146.6731904,165.5174598,164.5237431,194.8589163,181.4453763,171.6850628,192.0324129,195.0689664,181.1079936,190.5562284,199.574091,163.1405325,174.2040175,170.900132,169.2248052,173.1643847,179.2708796,172.1768151,164.8537348,177.5953814,185.7589399,205.5149442,265.2412607,301.238037,292.8487066,285.2383726,277.084215,
Channel Islands,..,..,..,..,..,..,..,..,..,..,..,..,..,..,..,..,..,..,..,..,..,..,..,..,..,..,..,..,..,..,..,..,..,..,..,..,..,..,40272.8796,41624.61265,43892.90365,43093.99893,42272.2782,40815.2212,40809.64203,41277.81847,43198.09436,45650.45463,..,
Chile,1842.207638,1868.789171,1916.538299,1983.440761,1987.485611,1949.908646,2098.013764,2129.085465,2164.956205,2197.135552,2202.095503,2357.352859,2297.122236,2146.786679,2164.880603,1889.510226,1925.539374,2063.985244,2187.842334,2344.967169,2499.699086,2578.92434,2276.77832,2155.543259,2289.534181,2412.214985,2505.132056,2625.930941,2770.496883,3010.486923,3067.02405,3252.015127,3584.93386,3766.40467,3912.570498,4258.058906,4504.61941,4734.501619,4822.805994,4725.780395,4877.875065,4983.4052,5034.714169,5174.681164,5428.723852,5670.518013,5869.650622,6081.99772,6211.702917,
China,105.4589882,77.66230912,72.32492731,77.86736518,88.13005164,100.1379744,107.8055687,99.08056846,92.56953683,105.2889813,122.2907043,127.3056038,128.9355595,135.9807693,136.263895,145.5254668,140.9983713,149.660741,164.9488956,175.1332101,186.4404988,193.6390265,208.1717993,227.550663,258.7213938,289.6772704,310.5157429,341.0228265,373.4961798,382.8938765,391.6547135,421.8910713,475.9310091,536.3596758,599.8049768,657.9955581,716.2483364,774.8881174,827.3523172,882.5562891,949.1823289,1020.524581,1105.957529,1208.999396,1323.225877,1452.27501,1611.71434,1811.75019,1964.714929,
Colombia,1129.599652,1154.253585,1181.682884,1180.443272,1221.755428,1222.213167,1250.332684,1265.720466,1309.6201,1357.609902,1414.850394,1462.551403,1538.1298,1604.527543,1658.655726,1657.692124,1697.966929,1727.92755,1831.277568,1886.001039,1919.226308,1919.168141,1894.922573,1883.288427,1904.910205,1922.394808,1992.41502,2056.530249,2096.968474,2125.712681,2210.282969,2217.388112,2285.214022,2296.009369,2385.682607,2464.605894,2470.537958,2510.432923,2481.092339,2336.434546,2364.753357,2376.964233,2396.543329,2467.805149,2543.076154,2647.699049,2789.078537,2955.251696,2986.221487,
Comoros,..,..,..,..,..,..,..,..,..,..,..,..,..,..,..,..,..,..,..,..,404.6298461,409.4238437,424.3207115,433.3002767,439.4695983,437.8924491,434.558448,430.2794365,430.4419324,405.9971107,415.6582566,383.0840532,407.0782276,410.554141,380.7655443,386.2692722,373.3139986,380.2459518,375.5243217,378.2544507,373.6633902,378.0375477,385.4986383,386.7833228,377.7955458,385.5487351,381.9935128,374.8258794,369.5639239,
"Congo, Dem. Rep.",324.5332618,282.1622737,333.5311904,342.1247826,325.1338434,319.5166352,331.5668718,318.7638836,322.7544594,342.4576303,331.670682,341.5144726,332.3439475,349.2542443,349.9765327,323.0077031,296.9607262,290.4203115,266.8002468,260.1361399,258.2198198,256.8218507,248.4705067,244.8738232,251.0263171,244.7661151,248.6369891,247.5320576,240.838112,229.7725384,206.9223598,182.1298836,156.3735313,129.8630736,120.1512246,117.0286374,112.605389,103.7264658,99.78046456,93.33795751,84.71101472,80.62464946,80.94293165,83.00291954,85.81824281,88.67439636,90.54202367,93.55564602,96.67273771,
"Congo, Rep.",619.1951704,654.0194718,670.384028,626.5444568,633.1368672,638.6330114,629.4925963,624.8518012,653.4827019,682.6503205,704.9920913,737.3999381,777.2805161,816.165512,853.9778335,891.973857,872.4703105,769.7746239,793.3165361,844.1348835,962.3018805,1097.042425,1314.491069,1349.249022,1399.963995,1342.145096,1213.306751,1180.45022,1167.071255,1163.714094,1142.697266,1137.769847,1135.42956,1094.570601,1009.365646,1027.074097,1051.219601,1027.800538,1049.2506,1004.933,1060.742985,1076.99375,1099.486509,1080.71477,1091.662106,1149.704345,1197.077882,1156.470614,1199.256483,
Costa Rica,1797.905808,1719.51094,1795.224498,1816.63391,1829.1308,1945.160346,2034.734986,2087.376994,2199.737095,2261.05315,2369.30158,2469.01925,2609.226677,2746.321632,2831.184712,2820.580255,2900.810833,3076.237591,3181.05541,3247.104569,3181.858276,3024.397037,2726.719604,2727.567413,2817.523778,2769.869952,2851.768147,2967.324746,3000.444244,3071.746656,3111.475461,3113.105241,3316.313768,3477.294236,3554.378774,3603.777927,3545.728957,3650.284649,3859.384271,4077.246957,4056.728322,4012.515684,4045.055318,4221.763568,4322.879039,4501.219563,4821.378859,5123.723129,5187.186301,
Cote d'Ivoire,581.6413195,615.1186391,598.0598451,656.9723601,741.067127,688.6115052,736.9156542,739.1719866,797.3787925,836.3646784,882.8904776,923.2755765,918.7267599,928.4614445,923.4409008,952.5481568,1024.576037,1047.303111,1106.682402,1080.294838,917.8104348,907.1640639,868.8561556,799.0619697,745.149183,747.516554,742.2423419,712.3259318,694.5309729,689.6438423,658.0006019,635.1161628,611.5105441,589.4783527,574.5345665,595.7906449,622.0216119,637.9824841,649.2763608,641.928632,602.7844084,588.8044285,567.9591855,547.6569703,546.0566087,541.2666347,533.0977111,530.1292415,529.5362703,
Croatia,..,..,..,..,..,..,..,..,..,..,..,..,..,..,..,..,..,..,..,..,..,..,..,..,..,..,..,..,..,..,5261.615404,4400.57893,3919.89256,3473.207696,3669.193727,3903.493133,4292.17091,4505.123512,4673.478277,4549.677231,4823.21085,4992.386503,5264.070525,5525.042022,5761.13578,5999.571737,6286.747284,6636.700299,6796.341031,
Cyprus,..,..,..,..,..,..,..,..,..,..,..,..,..,..,..,3904.163022,4653.043682,5386.736103,5771.161,6299.126628,6603.039349,6685.451072,7022.919313,7354.053051,7895.146221,8180.574426,8386.840031,8882.273404,9548.513755,10161.48161,10683.77871,10487.7587,11172.38239,10982.15828,11392.03464,11869.78458,11898.07953,12006.10962,12457.91965,12916.38916,13424.18589,13809.54311,13925.4614,13947.19343,14198.61987,14408.15403,14718.4868,15148.65539,15509.50081,
Czech Rep.,..,..,..,..,..,..,..,..,..,..,..,..,..,..,..,..,..,..,..,..,..,..,..,..,..,..,..,..,..,..,5336.145183,4741.233779,4712.693491,4709.717701,4811.901508,5100.439988,5314.087253,5280.829317,5245.431413,5321.845806,5521.189426,5684.087106,5802.772186,6010.327388,6274.548962,6657.959911,7088.159819,7475.400549,7593.30977,
Denmark,11387.19652,12037.36478,12618.22645,12598.29736,13661.15623,14169.38199,14436.38529,14803.84124,15303.73323,16191.46706,16392.16301,16768.56786,17367.1746,17912.40167,17685.24889,17417.44585,18431.42452,18740.74229,19106.92455,19811.21317,19715.75694,19544.70971,20286.46562,20840.71303,21717.33954,22582.51931,23667.76658,23708.59821,23660.94706,23782.59496,24102.31233,24349.41811,24753.58299,24640.84416,25922.42153,26599.46319,27176.7005,27928.01695,28441.05692,29069.95532,29992.9406,30104.30938,30136.64122,30179.74517,30792.77989,31459.50945,32384.17677,32771.7419,32207.88843,
Djibouti,..,..,..,..,..,..,..,..,..,..,..,..,..,..,..,..,..,..,..,..,..,..,..,..,..,..,..,..,..,..,1178.039733,1090.379202,1066.981204,981.5357502,957.0971939,904.056675,842.6407811,809.367589,782.6837251,774.1011248,755.5651438,752.7852406,756.672333,766.6228684,782.0954544,792.7547046,810.6337551,830.2157787,847.0760332,
Dominica,..,..,..,..,..,..,..,..,..,..,..,..,..,..,..,..,..,1806.217136,2006.26239,1623.845446,1838.974906,2025.987031,2117.325306,2182.123514,2308.76069,2346.937529,2521.961433,2722.723375,2965.104131,2968.090804,3135.388542,3165.752622,3233.045285,3280.680935,3311.526722,3351.13998,3478.601645,3537.371176,3725.617376,3765.600458,3801.792641,3671.917295,3524.64314,3594.777515,3806.785168,3906.205615,4084.998118,4201.963658,4359.278072,
Dominican Rep.,901.4880248,851.5203329,963.8876975,993.0899136,1026.147553,869.6378428,956.0544471,957.7525601,931.3700672,1002.625862,1151.498522,1241.006611,1332.575712,1464.325636,1511.937121,1550.317692,1614.049098,1653.993755,1649.877702,1684.801207,1777.342585,1811.146783,1800.218637,1841.293439,1823.077629,1745.454173,1768.136893,1905.876524,1906.428165,1949.444254,1805.768078,1786.34289,1935.217416,2034.917763,2042.726049,2115.878812,2227.173436,2364.859095,2489.165357,2613.632102,2717.680793,2723.499134,2836.629201,2786.353454,2780.582458,2993.343348,3264.717606,3490.894339,3623.037956,
Ecuador,820.2172525,809.0352973,821.4281874,828.355022,866.8706249,868.0855135,841.7957678,874.1715399,868.2204315,888.6882375,928.4323139,959.7284036,974.8544698,1099.84824,1157.663646,1218.324506,1274.156209,1266.846652,1315.133095,1345.220828,1366.39709,1374.031724,1329.627218,1261.770109,1276.131527,1279.786358,1298.481852,1239.425328,1310.860748,1292.655677,1296.948752,1333.850118,1324.651928,1300.865949,1335.151564,1333.472858,1342.030157,1374.088019,1382.136756,1276.802194,1294.982558,1346.641492,1386.683472,1419.453764,1515.711878,1589.094729,1633.267247,1656.53878,1746.203571,
Egypt,431.9892039,439.4373546,457.6419915,486.5328478,513.0474134,546.5699215,538.8527628,529.1126152,530.5942091,553.6269076,571.5177876,578.356492,577.6082132,569.530785,571.4445082,609.2556257,683.2215982,753.908647,779.4452067,807.2299904,866.6151814,876.8220903,939.176138,982.5006853,1014.832573,1052.944559,1051.588487,1048.802566,1074.960327,1099.743479,1134.885845,1122.016082,1147.90475,1158.468973,1181.906653,1213.653347,1250.350906,1294.40168,1321.528101,1376.016968,1422.732572,1445.336321,1451.674562,1469.938598,1501.174334,1539.209156,1614.332261,1697.053393,1785.827986,
El Salvador,1448.482693,1454.63785,1578.000466,1594.153982,1688.405635,1724.74034,1793.470666,1836.519578,1842.823729,1854.814217,1858.801127,1879.89035,1944.029195,1988.338287,2045.029552,2057.583613,2115.388548,2213.084039,2286.365667,2151.630046,1866.76999,1645.881493,1519.944409,1522.366733,1522.595823,1512.387577,1496.320283,1515.177156,1524.580161,1519.388511,1570.97123,1603.255749,1697.753264,1795.106898,1876.888622,1972.441477,1985.50847,2052.178529,2114.139302,2173.993733,2209.158531,2236.676532,2280.123013,2324.453014,2359.459417,2423.670833,2515.48239,2621.651096,2676.493585,
Equatorial Guinea,..,..,..,..,..,..,..,..,..,..,..,..,..,..,..,..,..,..,..,..,..,..,..,..,..,618.3956867,574.5267642,576.6187506,572.5427745,547.8310471,547.1261754,522.2025458,557.8075052,572.1475282,580.7247868,641.4243247,801.5392079,1328.724521,1569.775931,2153.308595,2371.461001,3728.558451,4328.602862,4796.24643,6438.629062,6876.646419,6778.591463,8016.535567,8692.030885,
Eritrea,..,..,..,..,..,..,..,..,..,..,..,..,..,..,..,..,..,..,..,..,..,..,..,..,..,..,..,..,..,..,..,..,135.0252718,153.4261483,185.7415807,189.5469152,203.950081,215.3690277,213.2685012,206.5904211,173.2413718,181.4474935,179.2953498,167.3071634,162.9505779,160.9209322,153.9299822,151.0694702,149.5337637,
Estonia,..,..,..,..,..,..,..,..,..,..,..,..,..,..,..,..,..,..,..,..,3397.01278,3420.124338,3590.941075,3696.656899,3775.153948,3769.21253,3783.54666,3885.893098,3971.39553,4077.543329,3787.108797,3502.001986,2811.098517,2718.897164,2730.906735,2858.168937,3065.559667,3464.602684,3734.337012,3751.693539,4144.382928,4473.569843,4848.134597,5234.348551,5631.544837,6175.933154,6803.691211,7304.001564,7048.030008,
Ethiopia,..,..,..,..,..,..,..,..,..,..,..,..,..,..,..,..,..,..,..,..,..,141.9368172,139.262892,146.1115796,137.4324001,118.2281361,125.5578686,138.4447088,134.7233113,129.9131675,129.0819719,115.8783054,102.2859536,111.8970477,111.7574582,114.9569391,125.4513032,125.7467638,118.0994156,120.8891144,124.8504995,131.6819575,130.218859,124.1296854,137.3616785,149.6572718,161.6474292,175.0062561,189.8014514,
Faeroe Islands,..,..,..,..,..,..,..,..,..,..,..,..,..,..,..,..,..,..,..,..,..,..,..,..,..,..,..,..,..,..,..,..,..,..,..,..,..,..,..,..,23169.92602,..,..,..,..,..,..,..,..,
Fiji,1109.353367,1109.925249,1110.956545,1142.281216,1160.38592,1096.582338,1068.114031,1182.144261,1247.797254,1253.25896,1383.092087,1447.713457,1524.075481,1666.558422,1676.034031,1652.473812,1666.490393,1733.700174,1734.403341,1908.863569,1838.284967,1908.080695,1748.238399,1637.390967,1737.466556,1631.658144,1742.083326,1620.545365,1634.290305,1752.8036,1845.42147,1779.861777,1866.297215,1880.430643,1950.010433,1974.937541,2048.358355,1984.861694,1994.053639,2152.878322,2100.723035,2127.7471,2181.435832,2189.421127,2291.188689,2292.846651,2360.327203,2190.433029,2180.909831,
Finland,7305.221748,7806.135866,7985.210827,8189.181793,8568.930146,8993.672638,9172.909293,9320.986011,9492.39723,10409.77849,11231.15466,11470.94459,12294.37106,13079.69369,13431.0525,13615.42172,13608.46744,13616.04597,13929.11544,14864.08075,15533.2897,15664.92384,16048.36348,16422.85855,16832.47773,17313.73656,17710.57504,18285.00432,19147.84791,20139.98112,20059.66808,18702.01064,17903.41635,17654.74073,18202.98158,18846.64384,19479.11751,20627.10194,21649.4845,22444.1805,23530.12389,24111.66562,24431.64731,24814.84556,25657.54724,26277.64789,27465.67527,28498.47822,28626.7255,
France,7482.06856,7809.775925,8181.820274,8470.841865,8928.416751,9266.408668,9665.982055,10037.40625,10384.68766,11018.96173,11544.60964,12033.99215,12483.79247,13196.04991,13697.17704,13502.5638,14042.43265,14477.25594,14984.62492,15446.99927,15625.9618,15679.5681,15969.23444,16081.71029,16249.61201,16454.58727,16783.86707,17121.92747,17821.72063,18378.62388,18759.6333,18864.02081,19028.45837,18775.13149,19121.89589,19459.19335,19607.38592,19976.96868,20602.66084,21194.27244,21914.07186,22201.54705,22270.61245,22300.35324,22707.01302,22998.40148,23321.30812,23636.37272,23605.14644,
French Polynesia,..,..,..,..,..,8675.782078,9178.656851,8434.106492,9348.446559,8779.580913,8621.101667,9342.383692,8624.380308,9012.389761,10311.86671,9508.507615,9976.362205,9876.702596,10528.51836,10616.63442,10354.14543,10907.16358,11649.43293,11933.63514,12236.91478,12563.19441,13281.02826,13887.08854,13897.37947,14000.05029,14003.05037,14384.84298,14222.3316,13957.63006,13799.7217,13608.1778,13397.43969,13405.16554,13984.01867,14291.14443,14610.83454,..,..,..,..,..,..,..,..,
Gabon,1826.881249,2085.259104,2227.004521,2347.071758,2436.782941,2620.340614,2717.496093,2806.051189,2848.647226,3041.276462,3254.11662,3520.018212,3833.092162,4121.481682,5603.790787,6508.032943,8598.870676,7320.56668,5412.346443,5290.098736,5273.504229,5383.531774,5064.65636,5190.27422,5412.593991,5126.058568,4929.886851,3959.693452,4330.754413,4554.442317,4639.962355,4766.756799,4471.966188,4501.928959,4526.434865,4612.778073,4647.070958,4783.412341,4824.51217,4287.194356,4108.803224,4103.003443,4004.773988,4019.632298,3992.708489,4033.658247,4004.146469,4148.426906,4167.590912,
Gambia,..,..,..,..,..,..,292.1230678,283.622201,301.5797571,299.3598375,307.3681226,296.5186021,286.5056519,301.4920229,307.5339055,333.2593656,345.2109971,344.7447229,354.0006682,337.4421228,346.4438104,345.8597633,331.6298452,355.1475438,354.767887,339.0643671,339.6249866,334.499049,335.7708016,341.6293525,340.0497173,337.1789285,335.3687455,332.5080999,320.59574,311.406433,306.5644692,309.8140242,309.1046661,317.3119689,323.3154084,330.7120872,309.6455522,320.5636522,332.7532736,339.4710074,351.4035217,363.2402706,374.2851015,
Georgia,..,..,..,..,..,753.0680544,800.3988451,841.5041709,870.5453886,903.7972201,1003.659831,1019.334209,1039.09813,1097.090363,1184.160642,1262.088864,1329.907163,1412.613041,1508.15699,1608.788297,1670.467042,1745.195776,1766.286302,1827.291524,1909.824594,1986.029167,1805.678013,1810.231899,1894.393726,1750.086024,1492.951713,1186.971185,662.8804505,476.890766,435.272968,454.3891003,513.0813183,574.9047678,600.228772,624.9861617,644.3866296,683.8379767,730.1593129,820.7630057,879.3518603,975.4202877,1079.932098,1228.933029,1268.309901,
Germany,..,..,..,..,..,..,..,..,..,..,11858.57672,12129.56171,12594.60085,13156.02601,13269.25909,13204.40568,13921.98007,14415.77391,14865.25605,15478.05503,15656.22434,15716.00206,15670.53447,15960.33781,16469.07358,16884.56347,17264.10518,17480.9856,18058.52027,18617.32707,19427.67081,20271.81175,20566.24512,20267.52672,20714.17248,21073.22455,21212.54748,21553.48276,21997.51382,22428.93864,23114.23326,23365.89045,23316.33125,23256.36195,23544.28455,23739.68845,24470.03405,25105.64557,25472.79209,
Ghana,279.8703983,280.5427046,283.1533573,286.9146208,285.1786561,281.813093,263.7663411,266.3821567,262.1516008,272.1512324,291.7449259,298.9898736,283.3297895,283.1622225,294.4840546,251.8150886,238.1365754,239.4075221,255.3743554,244.1350125,239.4183697,224.3389322,201.9659027,186.0752454,195.2790247,198.655315,202.7990967,206.6067174,212.3820044,217.1973093,218.2652329,223.3214164,225.377306,229.5976925,230.5841493,233.6218306,238.0584272,241.845445,247.0476932,251.7434942,254.8728073,258.8398483,264.2029641,271.57962,280.3566639,290.3960803,302.3836792,312.9447436,328.8878012,
Greece,3418.624799,3767.660826,3802.797576,4172.44643,4501.097288,4900.834777,5161.09647,5380.289615,5722.424554,6265.989646,6749.080582,7246.967852,7931.181955,8534.601211,7955.718856,8382.732934,8839.861474,8961.035447,9487.107489,9677.394267,9646.938547,9413.10131,9248.493281,9095.780515,9232.716399,9428.211084,9448.479239,9200.885697,9560.994323,9872.178585,9803.196725,10009.57777,9972.717576,9723.149616,9835.845568,9965.878435,10129.47113,10431.70799,10724.87126,11042.67629,11500.64754,11947.84141,12316.47615,12961.48795,13551.72926,13891.46102,14458.24913,14982.25524,15360.77443,
Greenland,..,..,..,..,..,..,..,..,..,..,9243.239951,10272.43459,10659.09059,11220.02901,11740.9537,11791.75061,12471.19067,13654.09299,14532.51977,15117.04146,16232.46669,16083.69016,15224.12215,15569.60088,14594.41633,14985.97918,15958.78356,16653.59763,17361.16383,18349.93852,16112.32709,16123.44053,15354.55447,14607.71893,15391.37131,15878.90827,16091.93216,16299.1216,17533.68875,17774.25784,19004.00345,19192.91784,18922.4082,18794.82947,19248.01507,19619.50498,20190.60427,20414.48122,..,
Grenada,..,..,..,..,..,..,..,..,..,..,..,..,..,..,..,..,..,1658.819805,1770.703144,1887.866974,1870.407718,1853.706126,1892.477352,1889.230407,1930.209006,2055.619364,2219.972539,2486.658264,2606.590655,2798.953096,2962.264253,3024.644155,2991.987067,2879.975344,2926.474094,2974.984115,3080.468122,3214.14041,3421.016698,3763.177148,4244.518811,4070.66949,4148.361809,4486.778921,4184.456891,4674.238661,4569.666557,4720.479099,4802.262066,
Guatemala,963.3993453,978.1595707,985.8452134,1051.18557,1070.63841,1087.647173,1117.18293,1132.363394,1199.014191,1222.370673,1257.485926,1291.770072,1348.796163,1401.35979,1451.195469,1441.380332,1509.253291,1587.627203,1627.132316,1663.11526,1683.995582,1653.435769,1555.750429,1478.408475,1449.621533,1406.445757,1375.608664,1391.707289,1413.08311,1435.537402,1446.418127,1464.99505,1500.518921,1523.499595,1548.570087,1588.152521,1598.161873,1630.367921,1673.091422,1697.599122,1717.663164,1715.651011,1738.594078,1738.716331,1749.253817,1761.827264,1811.17432,1877.841227,1906.048755,
Guinea,..,..,..,..,..,..,..,..,..,..,..,..,..,..,..,..,..,..,..,333.3392393,332.4343754,325.720925,323.2597515,319.3695134,315.6681071,322.694706,323.697267,325.0855313,335.4270882,337.6134822,339.7181154,335.0332489,331.7526509,334.2113419,334.2939314,338.0659328,345.6429944,352.9229526,362.0911714,371.5257986,371.2462004,374.7377187,381.6700098,394.9106858,396.5215152,400.426937,402.0886425,400.5090751,410.1892847,
Guinea-Bissau,..,..,..,..,..,..,..,..,..,..,172.3779461,162.6786733,168.8998396,165.7998125,167.6539667,174.407481,176.1022796,157.0113692,170.7424969,168.0332954,137.0068003,157.9805511,161.4042515,153.3315749,164.6064757,168.4974792,164.0280012,165.4505471,169.428952,175.7492421,182.0582119,186.5215677,183.570718,182.3760965,183.2759816,186.5920224,203.4143702,211.8973196,149.1118984,157.2690772,165.2566381,161.6822615,146.5499676,142.0455997,141.6713049,143.1253999,140.708808,141.308847,142.7257586,
Guyana,678.7796083,690.9887635,680.4725135,582.2299919,633.0553575,683.8079402,703.5471537,718.117231,711.0977132,747.8892106,769.126084,785.4116681,754.5622614,760.3680164,814.484527,876.7400363,880.6947773,846.4708779,820.2068773,796.1082596,803.7212874,812.6885437,705.1399034,658.680786,628.0318248,646.2820786,644.3008018,654.6486452,634.8459515,606.7752979,590.1667831,625.5402353,672.7876685,725.0874609,783.8724547,820.9839608,885.2381723,941.216862,926.6515286,955.3843048,942.3595952,962.3969998,970.3856469,958.0854411,987.3031273,966.4871061,1015.48049,1070.208497,1103.794554,
Haiti,..,..,..,..,..,..,..,..,..,..,..,..,..,..,..,..,..,..,..,..,..,..,..,..,..,..,..,..,..,..,..,514.7309,477.5987319,442.7036136,382.1132882,411.7120834,420.395363,423.4295929,424.4350152,427.8353694,423.7462116,411.9857612,403.9530793,398.682266,378.3528859,378.9042749,381.4174061,388.2232255,386.936262,
Honduras,749.9157682,739.2229105,756.2338571,757.8476023,773.8572018,818.7655218,838.711889,865.2841234,898.6111089,881.139373,888.9479783,899.3847551,924.8846208,969.4360632,929.7960863,921.4754571,987.3953688,1056.299503,1125.783319,1141.57806,1113.641953,1106.859725,1058.326464,1016.979024,1029.428917,1040.637922,1017.209106,1047.050888,1063.73537,1078.255862,1049.233926,1053.718112,1083.139686,1120.609907,1078.21553,1095.03416,1108.3498,1138.083512,1146.197853,1101.151111,1140.539787,1147.800037,1166.962335,1195.685975,1244.961888,1294.094395,1352.786333,1410.148736,1436.932804,
"Hong Kong, China",3079.773164,3435.597412,3773.667094,4071.588216,4435.428271,4855.403133,5142.448665,5112.174328,5166.821126,5693.657326,6085.328336,6396.666801,6965.655248,7950.063037,7948.843119,7762.950902,8928.082127,9824.685937,10465.08128,11061.73247,11880.19264,12685.69008,12855.00875,13416.5384,14603.58397,14544.50599,15958.57353,17885.43946,19267.94654,19493.10409,20188.06274,21161.4499,22263.1241,23206.46071,24054.11824,24123.30923,24043.54169,25049.87198,23344.55688,23713.64893,25374.51485,25313.42447,25665.54013,26489.27695,28508.7822,30394.72055,32320.11001,34040.73959,34587.12124,
Hungary,1453.897283,1515.400529,1602.566783,1689.045041,1762.665817,1775.207428,1900.582563,2035.33264,2126.743348,2264.88279,2363.532601,2503.290917,2648.581257,2819.938577,2976.333,3142.558316,3238.165214,3468.542845,3608.944572,3697.724676,3701.841479,3810.584183,3925.084873,3963.580187,4082.903719,4088.080662,4168.47922,4357.152437,4372.609149,4423.567591,4278.878809,3770.246491,3656.149951,3639.234568,3751.619895,3812.805724,3870.528237,4055.699473,4262.626557,4453.031104,4689.608437,4893.093258,5122.9563,5358.570188,5622.860438,5853.791066,6097.420956,6180.156595,6228.13329,
Iceland,10085.75752,9908.213989,10555.05442,11451.70681,12256.07411,12888.22763,13800.72219,13488.88699,12623.51411,12795.94814,13682.89671,15319.80817,16032.6763,16881.54363,17595.85598,17465.84023,18338.45412,19776.53725,20779.23523,21596.3998,22637.41121,23296.36587,23493.1951,22696.83778,23436.24197,24007.06496,25302.45469,27129.85461,26682.49553,26455.04062,26543.80856,26155.96229,24973.38872,25042.43137,25731.59456,25569.35545,26594.40261,27695.88514,29230.39849,30043.25736,30951.20315,31713.66839,31426.92804,32012.15475,34177.62817,36142.97781,36884.17483,37945.28223,37375.04865,
India,180.860704,183.7891986,185.3267882,192.4951793,202.0632824,192.6371725,188.1063365,198.1420954,200.0987544,208.2870334,214.0216687,212.5829609,206.6709884,208.761883,206.5066733,220.3201562,218.9095303,229.4972168,237.1304381,219.6679736,229.2585361,237.6568471,240.5521736,252.6092808,256.8078517,264.7855649,271.4697849,276.2813089,296.6272873,307.8821247,318.4107343,315.4786946,326.6270958,335.9180749,351.8665129,371.8074643,392.9176869,401.7892451,419.3959242,442.7890796,452.9693998,468.9604892,479.1229492,511.5428981,546.0289323,588.9880284,637.0760776,685.546891,717.5105318,
Indonesia,198.2518342,205.8269798,205.2154452,196.2081371,198.4808807,195.8453061,196.8198125,194.4315914,212.7575718,223.3281738,235.9014409,246.5375523,259.8086644,278.6406828,294.762195,305.9202787,317.0107131,336.8166737,359.8385012,377.0896614,401.2860604,424.8705715,420.6639695,446.9349481,469.4922561,476.4682919,495.4682959,512.2894905,535.2930388,573.9905615,615.3311188,659.5321873,696.1592092,735.3580378,779.108442,832.2803573,883.1493996,911.7505664,781.1792544,776.6550748,803.8816779,822.0259344,847.6277753,876.5191916,908.7585848,948.3662501,988.1686287,1037.511762,1087.460559,
Iran,..,..,..,..,..,980.8149146,1053.498772,1133.365421,1239.507863,1359.720251,1450.095113,1586.799482,1789.354834,1831.881862,1943.280142,1991.222488,2270.595519,2170.864708,1944.67326,1747.031035,1464.234386,1339.633277,1459.786664,1584.521375,1501.555596,1473.392479,1291.135541,1232.50481,1122.060305,1161.617731,1292.164719,1431.698693,1468.754727,1422.552622,1394.955512,1409.119415,1485.855218,1512.86497,1527.982196,1531.62396,1584.120419,1615.974032,1710.171709,1803.690586,1866.85946,1924.388313,2008.424418,2137.431341,..,
Iraq,..,..,..,..,..,..,..,..,..,..,..,..,..,..,..,..,..,..,..,..,..,..,..,..,..,..,..,..,..,..,..,..,..,..,..,..,..,700.3473065,915.9666299,1109.099486,1029.813836,937.9334768,843.2752783,482.6962105,689.5692745,..,..,..,..,
Ireland,5046.753571,5329.993402,5478.102208,5697.75122,5884.559017,5973.306748,6009.936244,6322.576419,6813.262918,7180.737356,7282.919989,7464.759381,7828.289476,8067.195569,8273.559645,8595.732444,8577.916786,9157.469242,9691.200672,9828.84688,10033.19729,10240.37203,10362.83038,10266.71564,10637.88349,10932.05244,10882.13165,11370.30652,12018.79814,12794.38082,13892.26979,14080.39968,14455.22018,14785.27096,15603.88339,16926.37859,18160.06247,20045.45931,21509.42791,23549.33917,25383.85586,26430.39964,27662.26255,28448.63092,29254.20137,30440.39861,31410.22984,32568.19193,31100.44097,
Isle of Man,..,..,..,..,..,..,..,..,..,..,..,..,..,..,..,..,..,..,..,..,..,..,..,..,8243.400807,8247.780252,9706.608695,10470.55922,11458.13971,12001.32664,12317.21654,12400.08747,12437.40625,12724.61081,13189.82524,13667.30484,14578.43334,15636.67675,17506.80179,19631.08135,20415.81647,21261.622,22265.53956,23448.48957,24475.96884,25772.31327,27662.2497,29698.8964,..,
Israel,5823.499751,6265.586058,6576.846542,7017.107423,7280.286668,7675.365156,7476.718594,7375.228822,8395.714526,9289.409203,9643.093536,10393.45819,11516.83369,11429.78377,11853.61541,11970.47201,11860.22966,11596.69333,11902.17132,12329.43309,12864.02796,13259.55437,13248.23085,13466.14471,13411.42253,13631.28666,14065.1204,14834.52876,14886.07467,14762.8712,15291.37732,15507.01714,15823.39171,16264.55352,16947.43991,17602.52376,18113.311,18172.67354,18521.62859,18651.90344,19836.09816,19365.77918,18853.45054,18795.98694,19389.69258,20022.23675,20710.62996,21404.82624,21869.22868,
Italy,5819.181179,6254.87341,6597.990722,6917.543969,7052.866374,7222.279231,7595.198629,8081.64578,8556.369499,9026.934002,9456.147572,9583.201637,9880.771578,10513.33034,11019.12529,10724.5884,11431.64187,11674.68917,12010.03855,12688.90392,13097.15815,13191.83276,13236.55329,13386.58059,13815.23684,14197.78434,14603.06276,15067.58986,15692.09583,16211.49408,16530.53885,16772.34856,16890.38315,16730.02198,17086.45637,17569.03568,17756.26752,18078.85265,18326.67174,18591.56241,19269.02218,19608.3271,19636.46465,19480.70826,19585.10021,19568.3267,19853.4483,20016.59727,19657.25118,
Jamaica,..,..,..,..,..,..,2761.258532,2778.83718,2906.531183,3033.249688,3355.427587,3389.612267,3938.668958,3663.773976,3456.217813,3400.875174,3134.723764,3021.14993,2989.179984,2923.993915,2719.611392,2753.569651,2762.259266,2763.863805,2674.566619,2560.793155,2581.413357,2766.534264,2869.404564,3051.28021,3159.362567,3290.136252,3330.939118,3617.771633,3639.523045,3695.012631,3646.808236,3570.86642,3456.523829,3468.980691,3479.056754,3505.002051,3521.834792,3687.514675,3721.299463,3742.167536,3825.26341,3861.50184,3795.133498,
Japan,7117.785943,7903.872287,8528.1729,9157.176207,10120.43227,10594.93497,11615.54048,12783.01851,14381.81136,15845.37529,17345.00752,17927.75777,19165.75904,20534.5742,19899.45542,20188.81737,20836.63638,21542.82858,22474.26573,23507.89466,23981.49533,24503.27518,25010.34866,25240.86146,25863.5003,27012.34249,27642.61315,28550.88145,30352.51022,31827.87375,33369.2837,34380.51906,34628.62186,34628.78225,34890.15667,35438.51181,36318.45245,36792.28976,35947.34544,35828.38344,36789.21969,36776.18059,36786.98943,37227.24384,38235.98372,38971.84258,39771.95293,40719.02481,40455.1262,
Jordan,..,..,..,..,..,..,..,..,..,..,..,..,..,..,..,1118.724641,1341.560226,1377.250707,1605.119331,1686.25907,1931.681341,1945.674956,2007.454797,1967.261136,2057.323839,2053.809713,2117.769951,2100.99395,1990.73395,1662.048979,1617.880332,1473.123449,1660.043442,1660.018529,1676.305198,1723.089546,1706.167718,1709.60361,1708.133111,1734.700478,1764.229892,1811.871989,1870.859069,1901.469356,2015.048627,2129.780417,2248.405333,2369.941029,2476.157691,
Kazakhstan,..,..,..,..,..,..,..,..,..,..,..,..,..,..,..,..,..,..,..,..,..,..,..,..,..,..,..,..,..,..,1611.712548,1425.486538,1350.872287,1234.754798,1094.947091,1022.929651,1043.733143,1078.38076,1076.31023,1115.949686,1229.003105,1397.293725,1534.166558,1671.209204,1818.956877,1977.743154,2166.321179,2332.293725,2377.654739,
Kenya,260.8683847,233.2257794,247.3743118,260.6556172,264.9272411,261.5969781,290.4221899,290.3754751,303.1774079,316.3051388,291.2707878,343.4959293,388.0070974,396.2409814,397.5149624,386.4866981,380.4301376,401.1654742,413.1281635,428.1346039,435.2358378,434.7507084,424.7592898,414.2563917,405.9509946,407.9883262,421.6180679,430.9403455,441.8458977,446.819414,449.9382023,441.3125999,423.5405222,411.5531026,409.4695518,414.9919822,420.1092219,410.7578437,413.1934512,411.8317275,403.6584537,408.1575305,399.864471,401.0217432,410.6336637,423.639829,438.713272,457.6291435,453.2221221,
Kiribati,..,..,..,..,..,..,..,..,..,..,1162.74459,1116.786449,1231.466116,1465.384898,2095.120699,2170.249664,1567.053439,1469.871231,1457.890129,1263.567288,687.784131,649.9135798,678.575256,722.6873058,697.6339661,650.730549,646.4507003,613.1900479,709.7161285,635.4531628,640.0334186,601.2846521,625.9388403,636.4374957,661.2171066,669.9957122,684.5375932,702.1306102,793.9189748,804.1201734,794.692929,771.3115393,802.0432535,844.2580803,828.5473065,836.122033,832.6213372,813.9809816,825.6008914,
"Korea, Rep.",1109.861594,1131.945145,1128.557167,1204.107944,1262.730417,1351.030389,1486.771558,1541.546175,1683.820679,1879.799718,1993.647968,2113.436226,2163.408247,2375.961155,2497.228163,2595.124828,2824.02684,3058.248755,3292.159227,3462.548665,3358.228463,3510.04716,3709.396931,4048.952559,4323.281353,4572.112231,5011.197246,5515.284803,6044.027724,6390.011522,6895.465913,7473.60979,7841.153099,8247.875425,8872.008598,9548.013259,10119.29756,10491.08008,9701.671312,10546.81042,11346.66311,11710.57788,12478.0616,12764.26987,13303.8178,13801.82716,14468.78983,15157.63985,15446.59664,
Kuwait,..,..,59182.83093,54622.39773,52684.29619,..,..,..,..,..,..,..,..,..,..,..,..,..,..,..,..,..,..,..,..,..,..,..,..,..,..,..,..,..,..,19048.41942,18232.82109,17872.2604,18097.17306,17098.58001,17222.83629,16700.21352,16759.79807,19158.00883,20570.34126,22069.62991,22645.64934,23072.13076,..,
Kyrgyzstan,..,..,..,..,..,..,..,..,..,..,..,..,..,..,..,..,..,..,..,..,..,..,..,..,..,..,397.0682672,401.7925034,444.46793,448.2354197,464.9063089,421.5440847,358.924716,303.6377561,242.811973,227.1456829,239.7331522,259.710884,261.2407103,267.0281226,278.6588723,291.1634601,288.8741423,306.3969763,324.4369788,320.6751674,327.2747078,352.1966003,375.8693572,
Laos,..,..,..,..,..,..,..,..,..,..,..,..,..,..,..,..,..,..,..,..,..,..,..,..,206.8395049,211.3728153,215.5657114,206.6477703,196.7389826,218.3889232,226.5709573,229.8395922,236.0943491,243.4530001,256.4909935,267.5474275,278.9331111,290.8125389,295.248758,309.8452732,321.1294605,333.3929319,347.1520515,362.4872475,379.5234673,399.738829,425.9535987,450.0901245,474.9209888,
Latvia,..,..,..,..,..,1557.311473,1569.591539,1696.866687,1754.989845,1775.972082,2088.728354,2231.874752,2327.212424,2441.670898,2539.43881,2691.726041,2806.571687,2859.298206,2915.362819,3054.718675,3160.680562,3275.116568,3332.555827,3484.836051,3664.127746,3628.086651,3777.292028,3842.291033,4013.898897,4216.821026,3901.187047,3420.967939,2348.670808,2271.333574,2355.689476,2364.05147,2477.310734,2727.392029,2903.606504,3065.489278,3302.305407,3587.588464,3854.105474,4153.934323,4538.902448,5046.8888,5695.361455,6296.227116,6034.258159,
Lebanon,..,..,..,..,..,..,..,..,..,..,..,..,..,..,..,..,..,..,..,..,..,..,..,..,..,..,..,..,4275.93489,2442.23782,3039.97207,4092.084677,4133.652691,4262.481627,4447.824929,4605.429859,4738.24119,4554.93359,4657.663432,4578.743325,4575.57528,4681.140705,4757.615993,4828.896449,5109.74755,5092.582055,5067.728682,5399.280764,5814.485789,
Lesotho,133.3449996,133.5018441,151.2335118,164.2228466,174.4397827,174.79341,170.6969727,185.570489,181.1718665,180.2410966,180.4001171,185.7273044,181.5098626,224.6127431,243.9127375,206.2877993,223.9172501,266.5096815,307.9299069,309.1399751,293.0728482,287.3659997,286.8026662,270.308897,291.0275784,298.7316924,294.4476868,288.1260435,307.9031729,323.7144253,338.0713743,343.0315621,362.6208405,369.957732,386.1701849,393.334747,405.2630561,412.0476897,405.3029464,403.1213857,414.6682851,421.433998,423.2817198,435.4256571,450.8790603,449.7183109,481.6904653,501.5867624,516.8730063,
Liberia,679.4385285,675.0165714,663.5181992,658.2580452,671.4223062,682.5159513,712.9918478,738.2417133,750.5447396,782.085874,811.0786157,828.2948546,840.4678234,800.5187819,816.4144068,766.1329991,783.5486487,772.620188,785.311153,785.2719335,728.2602574,688.0839019,647.8882253,615.0403829,586.3164648,571.0427413,555.8175472,548.2934489,539.0874883,400.0349535,199.8314662,176.7798512,119.4377934,83.09306085,66.10010888,62.23671965,66.09632798,125.6755385,148.8391663,168.504004,198.5889571,195.1527191,195.7961119,131.0400008,130.8284072,133.2347633,137.9665158,144.4330132,147.9138981,
Libya,..,..,..,..,..,..,..,..,..,..,..,..,..,..,..,..,..,..,..,..,..,..,..,..,..,..,..,..,..,..,..,..,..,..,..,..,..,..,..,6239.388235,6340.109115,5944.993456,5748.824001,6364.257301,6509.296649,7008.619143,7272.088553,7553.515782,7684.609899,
Liechtenstein,..,..,..,..,..,..,..,..,..,..,32639.40444,32507.32313,32474.10563,32454.82728,32480.22761,32524.50533,42290.6461,43617.11828,42248.58724,41816.0233,37896.4135,39114.99891,37918.88925,37550.1234,38589.32804,40719.65507,41783.29107,45039.44622,46943.84019,48419.85814,48881.02124,49097.10891,50213.72918,51699.12776,54531.83122,57019.71731,60185.97508,63760.10542,67899.63609,74087.57472,75584.9985,74172.32765,72602.01233,70402.18958,71767.62604,74486.19656,76196.04913,77880.32418,..,
Lithuania,..,..,..,..,..,..,..,..,..,..,..,..,..,..,..,..,..,..,..,..,..,..,..,..,..,..,..,..,..,..,4343.446418,4090.290546,3224.218761,2713.496637,2465.228981,2564.565174,2704.621251,2914.367404,3148.498561,3116.146186,3267.355382,3505.699411,3759.490327,4162.536588,4492.779825,4873.509943,5287.136551,5790.495252,5996.264645,
Luxembourg,13670.52357,14020.46153,14039.20659,14397.1081,15317.79413,15068.23534,15152.96726,15167.68687,15741.23383,17208.80402,17435.92764,17631.11442,18621.6576,19912.46134,20478.3457,18967.93323,19427.09918,19688.5202,20456.95099,20867.69271,20962.35023,20807.04952,21048.17656,21671.4164,22974.36297,23551.35081,25741.58726,26600.27615,28727.73871,31183.34098,32476.71748,34814.6815,34980.41643,35963.84692,36832.87994,36839.24508,36892.80877,38597.00891,40593.80256,43420.5242,46456.62444,47063.71028,48485.13307,48640.83806,50135.12097,51934.26263,54405.82676,56358.1172,54843.62355,
"Macao, China",..,..,..,..,..,..,..,..,..,..,..,..,..,..,..,..,..,..,..,..,..,..,9336.478458,9759.360318,10213.20306,9933.251488,10170.48228,11119.97948,11553.09742,11771.96585,12520.99733,12631.57869,13992.09577,14437.66507,14803.4959,15144.83196,14871.0715,14640.1568,13795.55123,13288.75072,13839.4718,13998.92212,15131.4616,16930.04083,21090.79311,22032.09119,25034.92856,30556.04402,33732.33055,
"Macedonia, FYR",..,..,..,..,..,..,..,..,..,..,..,..,..,..,..,..,..,..,..,..,..,..,..,..,..,..,..,..,..,..,2059.422907,1918.939919,1782.431207,1640.822887,1604.067758,1578.211268,1588.570363,1603.00921,1648.772634,1712.354324,1783.087605,1696.717843,1706.493163,1750.63104,1818.795169,1890.503279,1962.794977,2075.824291,2177.74292,
Madagascar,409.1737095,407.7184006,407.048927,393.5696552,399.2409333,387.7160537,385.9739432,397.2020224,413.6783163,418.1476819,428.8190903,433.9658704,417.0590492,395.236606,392.2556876,386.3767806,364.2360884,362.5502674,343.2082572,366.8734484,360.1319157,316.9279732,303.4431724,298.5940656,296.0310795,291.6728819,289.4126971,284.763241,286.1647971,289.3000958,289.6825911,263.4189999,258.6150688,256.1185922,248.2178346,244.8342884,242.5228453,243.8728341,245.8378441,249.6345242,253.8450596,261.3507192,221.7391402,236.611935,242.151167,246.3522498,251.7066199,260.2248844,271.9099033,
Malawi,98.53269901,103.6466552,101.9106351,98.11572975,98.32351562,109.0323996,120.5096045,126.1491056,120.6470909,124.4272091,121.6038865,137.2648919,141.4585213,140.2521344,145.5886164,149.5327461,151.8812861,154.0242661,163.4183638,165.1710428,160.8706157,148.2672411,148.2266975,149.6581122,152.4237008,152.6332246,144.3307952,138.0690554,134.1904394,129.2408471,131.5157875,139.6134728,127.6787943,138.9720142,123.5582832,141.8984137,148.6356341,149.7028285,150.3976569,149.8099567,147.3622692,135.87212,126.1494383,130.3471997,133.9538838,133.5824621,140.5422118,148.4326708,158.3701703,
Malaysia,814.5831722,849.2974381,875.6388177,910.8308828,930.7131927,973.1316407,1019.96955,1030.898588,1084.221697,1108.321833,1145.255642,1181.144438,1260.325937,1373.983597,1452.909341,1430.550355,1559.616628,1642.735453,1712.465529,1829.52067,1919.211661,2002.552481,2068.698757,2141.715069,2246.951684,2161.163019,2124.590494,2174.660931,2321.657254,2459.944122,2607.585422,2780.619701,2949.971763,3160.551847,3365.659173,3604.011007,3864.727784,4043.640414,3653.83235,3786.455171,4029.874088,3965.915324,4097.229575,4252.899522,4458.562382,4612.098978,4792.173377,5007.883942,5151.299812,
Maldives,..,..,..,..,..,..,..,..,..,..,..,..,..,..,..,..,..,..,..,..,..,..,..,..,..,..,..,..,..,..,..,..,..,..,..,1695.911565,1809.489447,1957.985371,2110.491391,2224.588764,2293.266226,2336.42745,2453.04793,2625.51595,2836.002654,2667.704709,3132.833003,3294.01873,3417.511569,
Mali,..,..,..,..,..,..,..,164.4829546,167.597605,165.03374,172.0713371,173.3582247,180.2161013,174.4330261,168.743619,185.1005014,206.7433208,216.1821998,209.4654311,227.3618969,213.8281631,200.8688707,188.204049,193.7320194,198.5456936,172.7639712,183.8339297,179.4075768,178.5664858,195.7101384,188.354078,187.6582078,199.2986825,191.2053662,189.202705,197.1081445,199.6402256,209.1926917,217.6575167,227.779279,230.2085094,252.4104358,256.8680623,269.4713662,268.8035644,278.38224,286.2360943,287.3567961,294.673831,
Malta,1132.448486,1145.18202,1107.979681,1110.174593,1132.949721,1206.9895,1331.059718,1417.123535,1554.826108,1649.107523,1853.353816,1912.793838,2032.71144,2230.501271,2437.854316,2881.402341,3311.036128,3617.41983,3908.305856,4226.710573,4481.483253,4627.905693,4766.507866,4800.180035,4931.412824,5157.210791,5303.617197,5466.564194,5876.309333,6303.518835,6642.538667,6997.885988,7258.372593,7509.961141,7863.632941,8259.743831,8544.100379,8884.079624,9146.372655,9437.680825,9980.807221,9745.153303,9925.001359,9828.454631,9782.827889,10041.80588,10308.93156,10630.5319,..,
Marshall Islands,..,..,..,..,..,..,..,..,..,..,..,..,..,..,..,..,..,..,..,..,..,..,1939.635506,2190.183312,2184.880107,2013.339247,2294.049355,2501.132894,2637.184715,2562.09006,2639.188661,2616.840388,2566.574826,2618.525482,2639.525508,2658.666529,2238.02159,2028.748256,2080.780391,2094.200811,2097.406012,2130.304362,2179.061008,2214.62416,2292.401961,2284.283934,2264.522836,2257.558048,2239.518797,
Mauritania,..,..,..,..,..,455.7124126,443.6502075,446.3112062,477.7708796,469.9760672,511.4078942,506.1683663,488.3814674,452.9756849,493.8892228,455.4475558,480.5632448,458.3820448,443.3746203,451.7261361,454.0649628,456.8096714,433.9003855,437.8947627,412.4479184,413.672755,426.0835796,423.2127477,419.7026533,428.701106,410.4179972,407.035302,403.9224097,416.4622444,393.0574838,420.1607561,432.692155,404.0046421,403.9777144,419.1772433,415.236651,415.4938522,408.5033702,419.608509,429.5598276,441.195572,480.4142924,477.5896459,..,
Mauritius,..,..,..,..,..,..,..,..,..,..,..,..,..,..,..,..,1627.270186,1705.832053,1742.702162,1775.573589,1572.824506,1643.006452,1712.993608,1702.299759,1767.393852,1877.717489,2043.189756,2207.444017,2339.057639,2424.676616,2579.067203,2669.077911,2805.183444,2904.751092,2981.411173,3083.050001,3222.201384,3363.089471,3529.939775,3576.344285,3861.038542,3917.470035,3966.162596,4068.786714,4265.679685,4284.358738,4418.89281,4634.307476,4813.497756,
Mexico,2554.27988,2600.1887,2638.870042,2766.019623,3000.405039,3098.334358,3184.691175,3265.715957,3461.409175,3467.199834,3576.445554,3594.471911,3768.579937,3939.288197,4041.185398,4148.432439,4208.99768,4232.320381,4489.272141,4799.201185,5114.152446,5432.29006,5276.768875,4945.770387,5016.375282,5040.458759,4753.520686,4746.252848,4712.403086,4816.888025,4966.300675,5080.327234,5168.604438,5174.495286,5309.082967,4891.604133,5063.812558,5328.881114,5512.59258,5647.055977,5934.981748,5864.124714,5852.989939,5872.285656,6046.298937,6176.880596,6403.95159,6542.576055,6591.482344,
"Micronesia, Fed. Sts.",..,..,..,..,..,..,..,..,..,..,..,..,..,..,..,..,..,..,..,..,..,..,..,..,..,..,1835.857933,1814.817352,1820.592078,1843.444809,1868.445184,1957.824601,1984.73793,2095.305487,2043.829353,2123.464412,2060.332487,1917.848381,1970.72367,2010.152527,2109.38289,2127.665312,2151.469372,2153.698222,2062.510399,2118.902162,2107.429612,2101.430829,2035.46294,
Moldova,..,..,..,..,..,..,..,..,..,..,..,..,..,..,..,..,..,..,..,..,..,..,..,..,..,..,..,..,..,..,..,..,534.8498962,528.9597698,366.6345757,363.4030385,344.2271044,382.0763521,357.6311254,346.0158774,354.0013762,376.4362278,406.739089,434.8065388,468.1842329,504.5295038,530.0942646,547.3039301,587.8033615,
Mongolia,..,..,..,..,..,..,..,..,..,..,..,..,..,..,..,..,..,..,..,..,..,415.000859,438.0289217,451.4600752,464.9642398,476.8330477,504.5502927,504.2060523,512.684028,519.4322704,496.1087918,444.7875011,400.3344856,387.7240085,396.16658,419.6753926,426.6712393,439.6920528,450.2155067,459.1363709,455.8812955,463.4682829,479.0680283,505.8238482,552.2363372,584.7823345,627.1217208,683.1950744,735.3384125,
Montenegro,..,..,..,..,..,..,..,..,..,..,..,..,..,..,..,..,..,..,..,..,..,..,..,..,..,..,..,..,..,..,..,..,..,..,..,..,..,1560.994979,1614.615972,1449.223052,1486.509867,1510.03877,1556.326376,1619.467226,1715.274507,1806.038504,1971.476872,2184.083838,2355.67205,
Morocco,646.0711651,613.3240679,671.5785004,685.3562941,675.3605812,669.2914821,640.8288192,685.1041241,731.6631032,771.1258384,786.2578885,809.4443869,809.159326,818.1841733,843.5914271,885.6358237,957.5948158,990.7666373,987.755077,1008.930698,1018.71717,964.5140242,1029.180975,996.4072143,1012.914757,1050.524167,1111.123323,1058.748794,1144.269751,1147.753373,1171.148668,1229.113581,1159.175843,1128.56367,1225.850177,1127.855051,1247.152237,1202.165466,1276.574143,1266.473901,1270.333706,1349.561738,1377.771345,1447.701019,1499.460282,1525.779611,1624.274291,1647.869946,1718.136821,
Mozambique,..,..,..,..,..,..,..,..,..,..,..,..,..,..,..,..,..,..,..,..,202.8447776,207.9285698,189.1909457,156.2851969,143.8486104,143.8089033,139.9765842,160.7703921,174.3104995,185.032478,184.5222102,189.0622543,173.7353919,181.9216881,187.1928271,185.869147,193.7211641,207.7777994,224.3217828,236.4154839,232.8155088,253.6134592,268.620546,277.2557813,291.3530774,307.8521389,326.4484125,342.1787538,357.0207955,
Namibia,..,..,..,..,..,..,..,..,..,..,..,..,..,..,..,..,..,..,..,..,2262.303959,2234.252181,2178.764454,2090.354473,2027.803213,1971.734487,1984.789546,1966.670845,1896.81661,1851.86731,1828.38774,1915.157695,1996.042318,1907.171352,1997.740662,2029.886129,2043.628408,2078.049327,2095.271002,2116.351104,2142.822297,2124.060983,2182.782903,2232.806724,2460.240189,2474.990831,2599.298406,2688.709168,2713.867419,
Nepal,139.7844591,139.8263167,139.8253026,139.7499302,147.3367754,142.648063,149.5601899,144.1244564,141.9955825,145.105324,145.552992,140.5887428,141.6795521,137.7656137,143.0933193,141.7824818,144.5319137,145.3644059,148.1619567,148.0680336,141.2053947,149.3675165,151.3548834,143.3914582,153.5804041,159.198244,162.5788375,161.4816473,169.8441281,173.0157983,176.7079784,183.4160471,186.2921446,188.7173132,199.1929367,201.0221287,206.5174215,211.6192028,212.7074458,216.7973523,224.881593,230.3337386,225.5190769,229.3923682,235.1524533,237.635979,241.7016069,245.1261927,253.5528785,
Netherlands,8562.934041,8475.810323,8927.754842,9127.649492,9751.746802,10449.8338,10597.50293,11031.29336,11617.35256,12222.18792,12758.70762,13153.88449,13348.03629,14004.54741,14486.30955,14375.70968,14945.85433,15142.85663,15400.21406,15604.14882,15820.90854,15645.09768,15384.03091,15633.12234,16110.05796,16398.11086,16849.29426,17085.27484,17559.4975,18225.7302,18857.34615,19166.0709,19354.32232,19468.06121,19911.55057,20427.30624,21045.52935,21819.39428,22544.03487,23440.33404,24179.85582,24460.18299,24323.01727,24289.77974,24746.90089,25194.36348,26003.12767,26844.56699,27306.59531,
New Caledonia,..,..,..,..,..,7553.99513,7083.416554,7258.53739,8032.850275,8968.04869,11295.56148,11489.39414,11328.63432,9639.804391,10471.35312,10816.00192,10804.55132,10831.80547,11760.26147,10059.81354,9908.47642,9150.890667,9338.088083,9094.680825,8937.757051,9194.424052,9043.372052,9391.095366,12406.17051,13394.33004,13562.65295,13882.88117,13595.24236,13293.28099,13242.92427,13601.45509,13385.23159,13339.58447,12701.14903,12557.351,12579.59484,..,..,..,..,..,..,..,..,
New Zealand,8042.675526,8144.525329,8185.730579,8513.724461,8848.131664,9235.281437,9636.33899,9032.076217,8948.820215,9664.181136,9473.222147,9714.690902,10043.08759,10628.69895,11012.39993,10600.84409,10616.767,10169.43141,10102.47932,10134.77769,10212.37144,10437.28952,10765.53291,10919.97147,11349.03122,11371.17774,11589.86155,11535.91591,11363.46983,11263.81631,11105.03718,10810.92731,10817.74315,11383.93724,11832.21303,12147.53499,12372.29558,12421.43215,12375.58054,12965.07174,13192.95911,13590.33027,14012.10346,14329.37054,14650.01139,14914.93032,15004.47619,15307.80486,14995.43334,
Nicaragua,913.5803541,951.3110758,1030.916267,1100.125132,1186.560279,1255.347018,1258.452822,1306.253862,1284.393647,1323.697154,1301.288344,1303.743637,1292.417978,1333.72195,1476.857009,1429.924075,1458.930658,1533.488582,1371.281688,978.7761418,994.7644815,1018.943348,983.1387022,1001.420957,960.9305911,899.6837164,870.5349249,846.0158752,725.2914721,697.825073,681.6468847,664.391951,650.8000772,632.5153187,638.3132706,661.2013264,688.7843005,702.4259494,715.5056679,753.0713168,771.6906847,782.9064944,777.9970164,787.2073971,818.497666,843.2903012,863.4146903,885.817939,905.129729,
Niger,314.7203249,319.5784275,342.0999872,363.2299389,352.8274614,365.9444294,353.6193467,343.4309928,334.4166377,306.6320767,306.6106672,314.4609925,289.4672355,233.0838436,246.0686354,232.0890548,226.6483758,236.8663913,260.6782936,271.007758,257.2440099,251.4290114,248.3315336,229.9496448,185.9454682,194.7146181,201.2877527,195.7457471,203.2518756,199.1370949,190.6643578,189.4010604,171.4621734,168.3470498,169.3779797,168.0721714,168.0380234,166.8640207,178.0393266,171.0741095,163.0276152,168.8337588,168.1713473,169.7267754,162.5588529,168.4013231,171.5948071,170.5403821,179.5709864,
Nigeria,284.3193715,278.7287077,283.8531809,301.4552803,309.432946,317.417847,297.2238627,244.8670238,236.3946404,286.9611914,350.5219468,391.2269938,395.0057173,406.321255,440.1740727,405.7948173,429.5775563,441.500981,403.0879039,417.1938413,422.0424528,356.4934939,346.244456,319.4718702,296.2736028,316.5717232,315.9550111,305.3897106,326.6839302,340.9697662,359.3423949,366.8269908,368.0307741,366.7675691,358.0737455,358.018278,364.300583,365.0604827,362.9365683,358.0850534,368.3332826,370.6210727,367.3365755,395.4883263,426.9993492,439.4032431,455.666514,473.7322728,490.5650087,
Norway,10696.68538,11276.39806,11501.31699,11845.50243,12348.00296,12899.40199,13280.82216,13992.37536,14181.19823,14696.85962,14890.06519,15621.44659,16318.46136,16928.68255,17469.25667,18246.40958,19212.24746,19923.44257,20609.7035,21433.89281,22300.76781,22596.18459,22541.96486,23311.67035,24643.94086,25882.10387,26823.77802,27183.88426,26995.03716,27148.24451,27576.90404,28298.31091,29126.48339,29760.38623,31086.3413,32213.91486,33694.4552,35325.19191,36044.55845,36543.87805,37472.37103,38031.82353,38390.43811,38551.02952,39804.80893,40617.83842,41211.11372,42065.21358,42429.93479,
Oman,953.21501,941.0622879,1103.244645,1124.162418,1096.041629,1072.001607,1097.402321,1773.215074,3130.83396,3811.787012,4196.41488,4083.719052,4316.445779,3553.317691,3792.601894,4504.408004,5169.555347,4962.397058,4535.884033,4488.077644,4512.31277,5007.254068,5298.423484,5871.563639,6527.073323,7111.611137,6957.877774,6464.479833,6604.8789,7123.005714,6865.240853,7026.547543,7352.925721,7536.812002,7587.959306,7748.560787,7792.400024,8086.660756,8141.232958,7985.38973,8270.757174,8739.780011,8817.235834,8697.79783,8838.804138,9102.358393,9459.79069,9978.003112,..,
Pakistan,187.7480669,193.2198924,196.3554227,207.7715115,217.6693095,234.0622562,241.0384806,247.149242,257.6171262,263.9822729,285.2505742,277.730452,271.2369571,281.2735075,282.0840137,284.7774585,290.178914,292.3759914,306.3642998,308.4961107,330.2451842,346.4951176,359.2673384,373.3889798,381.8766663,399.9894673,410.9011709,426.0386909,446.60108,456.9618458,465.3757301,476.6803529,500.7000789,496.8900534,502.6925098,514.8201525,526.7089478,519.4297201,520.0268824,526.2309234,535.5762961,533.1805386,537.260112,549.8776531,576.3310021,605.7382783,629.526857,651.2030862,650.1373519,
Palau,..,..,..,..,..,..,..,..,..,..,..,..,..,..,..,..,..,..,..,..,..,..,..,..,..,..,..,..,..,..,..,7207.97762,6580.207861,5632.576285,5905.510331,6366.32733,6878.671991,6857.267664,6830.652953,6329.01634,6266.035862,6186.753236,5865.612552,5870.469398,6122.07364,6421.19892,6575.96304,6675.683314,6570.890175,
Panama,1713.212402,1843.185282,1940.256005,2043.419947,2074.558126,2198.649928,2295.436954,2419.818117,2512.896477,2649.531749,2739.796531,2921.501409,2972.874079,3050.514038,3043.447709,3012.373606,2984.294384,2943.494204,3151.180329,3214.576412,3174.292163,3388.027098,3490.346918,3261.482954,3278.681817,3368.665268,3416.79581,3286.558751,2789.201117,2775.536366,2939.580457,3151.148502,3340.267513,3450.914767,3477.373799,3467.01607,3493.109926,3644.891011,3835.526057,3908.482386,3938.083253,3886.600586,3900.299396,3991.155446,4215.537147,4440.310859,4736.956264,5195.614325,5580.009482,
Papua New Guinea,402.3380935,419.6661274,438.2432957,447.4461869,476.2791998,514.5837937,533.2082269,543.1289828,554.5173083,587.1367485,636.2086131,660.8360657,681.9884389,709.7085708,711.6422839,689.6922676,651.9477545,643.513229,683.7520642,681.0553591,650.0764739,632.5979989,618.8434072,622.3266114,604.0882836,612.1716217,624.6996799,625.8973664,627.9893598,603.5238633,570.5182132,609.0442848,675.6198112,777.9867167,802.7424769,755.7291707,792.5449303,741.2415017,694.235234,688.3557407,653.6007978,635.960385,618.7977516,616.3312783,617.4236555,623.9778402,624.6435508,649.4475103,675.7607583,
Paraguay,662.4345419,690.7004767,681.6901295,689.5086958,697.4581949,715.4995031,704.6678112,744.4144628,747.6744779,758.451601,775.5332289,797.8319636,828.9889789,867.6434996,916.7674307,951.0538721,992.6343275,1073.476465,1164.53651,1262.364152,1409.691271,1486.752321,1390.053359,1308.558406,1309.515182,1322.473714,1285.159497,1303.674034,1348.840155,1389.102382,1394.812291,1393.001289,1405.050738,1424.812921,1443.170258,1486.948962,1459.54008,1470.407382,1447.377118,1396.108282,1321.673896,1321.709213,1294.842868,1318.328868,1346.53247,1359.183063,1391.71719,1458.832251,1515.568814,
Peru,1646.90495,1718.356017,1808.764875,1822.444474,1887.371105,1924.632475,2027.892739,2046.151164,1996.850654,2015.584073,2074.403,2101.477256,2102.214311,2154.34709,2289.209031,2302.66254,2284.297915,2231.95086,2178.994722,2245.467522,2255.961387,2358.367676,2287.94142,1970.600723,2025.240322,2034.564998,2187.748748,2310.524851,2063.780808,1783.802831,1657.329808,1659.547686,1620.560669,1665.971586,1845.268403,1968.424053,1982.885066,2083.064988,2035.319492,2021.345514,2049.302351,2023.715714,2095.498786,2150.605444,2228.336854,2350.65657,2502.04308,2692.167699,2921.324109,
Philippines,611.9340408,626.5768377,636.4007488,660.5350221,662.5981289,676.5851561,685.6054915,700.9619669,714.3307369,726.1909506,732.190856,750.3099187,769.2352567,814.8374843,820.8440789,843.0944422,892.7430102,917.6605738,939.5258884,966.1637553,988.8514719,995.3716521,1003.819999,995.3920199,898.1285206,810.7952717,816.9261052,830.5283145,864.4819529,895.6465549,900.7229318,874.5184942,857.3453584,855.8097131,873.6247776,894.6085449,926.6108491,954.0870162,928.8957962,940.8811308,977.1290384,974.8380573,998.6795875,1028.122596,1073.281948,1105.552478,1143.16396,1201.747385,1225.365463,
Poland,..,..,..,..,..,..,..,..,..,..,..,..,..,..,..,..,..,..,..,..,..,..,..,..,..,..,..,..,..,..,3096.653088,2870.429416,2935.825768,3039.915071,3190.971331,3410.44608,3620.374908,3873.720217,4064.997411,4249.803247,4454.08022,4532.005459,4599.552583,4780.645471,5039.105026,5223.666602,5552.488426,5932.457926,6221.676718,
Portugal,2343.192896,2474.408192,2614.035022,2748.742269,2909.107165,3124.195968,3258.773202,3506.863541,3813.04747,3901.573724,4282.104641,4777.484115,5168.205412,5745.743484,5731.081938,5277.539621,5483.696587,5729.680524,5827.542362,6090.520611,6301.546854,6348.265216,6444.243644,6405.300372,6263.172888,6424.599671,6691.108434,7129.992018,7683.949242,8204.368561,8563.810264,8902.810223,8974.517674,8781.446096,8844.886722,9197.021736,9503.278312,9867.723602,10305.64207,10654.1878,11016.22134,11165.04009,11168.02399,11000.94206,11102.88289,11153.47069,11268.76017,11453.77931,11433.49088,
Puerto Rico,3758.983708,4045.994242,4260.795389,4602.090267,4833.723575,5191.474726,5492.388326,5791.762237,6029.560173,6509.446648,6986.81454,7310.693647,7696.892829,7981.359429,7821.463445,7483.183369,7748.843409,8135.99334,8560.81019,8972.937338,9002.178196,8995.961482,8628.946577,8580.983589,9117.928309,9215.212214,9872.504056,10260.96525,10827.74734,11259.58181,11581.91074,11765.27823,12223.05788,12683.56143,13092.22526,13561.99831,13720.92561,14257.44293,14959.69386,15687.351,16003.7468,16793.76884,..,..,..,..,..,..,..,
Qatar,..,..,..,..,..,..,..,..,..,..,..,..,..,..,..,..,..,..,..,..,..,..,..,..,..,..,..,..,..,..,..,..,..,..,..,..,..,..,..,..,28792.80175,28307.47901,28720.72957,27813.74567,30847.78566,29453.53029,29251.10834,..,..,
Romania,..,..,..,..,..,..,..,..,..,..,..,..,..,..,..,..,..,..,..,..,1844.29635,1845.781471,1908.947671,2018.657997,2130.955753,2119.472903,2161.037458,2167.232442,2145.75153,2012.748401,1895.531397,1652.574395,1532.657841,1558.14611,1621.718444,1741.662975,1817.33372,1710.51156,1632.285106,1615.929479,1650.966288,1769.593239,1887.895744,1991.64764,2164.635162,2260.217333,2444.048428,2595.596086,2844.641672,
Russia,..,..,..,..,..,..,..,..,..,..,..,..,..,..,..,..,..,..,..,..,..,..,..,..,..,..,..,..,..,2693.097895,2602.246366,2465.392981,2106.223762,1925.833809,1685.849782,1618.123275,1564.115268,1590.6965,1510.542696,1613.698631,1775.141291,1870.048624,1967.518602,2122.317159,2285.784316,2443.960063,2644.151263,2866.373476,3030.088937,
Rwanda,216.3306195,202.5826094,221.3452333,196.0250315,168.1278271,175.553763,182.4591167,188.794262,195.1381206,209.230513,214.5067292,210.2943276,204.4446271,205.1422479,201.742677,191.3564641,221.4162403,218.5482893,230.7854176,249.771895,263.3100456,269.0667594,265.9699273,273.5339523,253.3199924,254.67305,256.7299891,244.2490559,244.5246847,238.839623,234.0107874,236.8834043,268.5750102,268.0785928,142.3698523,196.2406295,212.6652078,222.8023759,219.3650187,215.6261049,218.0152739,226.5196209,244.7039002,241.290794,250.2122546,262.8380335,275.3217819,289.5077961,313.1986439,
Saint Kitts and Nevis,..,..,..,..,..,..,..,..,..,..,..,..,..,..,..,..,..,2347.124067,2516.637753,2755.158387,2933.725333,2943.104227,2874.696957,2871.984266,3244.392685,3526.332414,3951.946631,4310.723937,4717.689925,5094.417426,5227.858721,5276.664381,5479.446788,5873.184943,6202.198746,6458.739895,6903.249249,7394.130304,7516.716206,7509.783603,7365.848957,7219.182512,7199.624051,7233.433792,7740.18737,8003.266364,8355.167442,8614.64822,9249.309466,
Saint Lucia,..,..,..,..,..,..,..,..,..,..,..,..,..,..,..,..,..,..,..,..,2120.724768,2159.64044,1893.67224,1946.456804,2368.706899,2197.171351,2486.198635,2498.807576,2762.017223,2971.343502,3618.931287,3663.931639,3888.29502,3909.74586,3888.026847,3939.980341,4107.616355,4052.349935,4549.174909,4603.424149,4535.538895,4251.511295,4349.500213,4494.804025,4674.916594,4875.501253,5009.99383,5007.094148,4977.546018,
Saint Vincent and the Grenadines,1115.073811,1148.599806,1175.815784,1089.588239,1117.50359,1115.642753,1104.223911,989.0842088,1042.985232,1062.001587,1163.939987,1185.653731,1475.48197,1297.051408,1169.534209,1068.858103,1167.338212,1188.133145,1316.374032,1347.541176,1362.388666,1433.548783,1490.282262,1544.063606,1623.167404,1710.370822,1811.833065,1881.621136,2143.467355,2185.589873,2286.633618,2294.180853,2462.351162,2463.945219,2389.106241,2413.106362,2446.328567,2772.895066,2918.371474,3048.02689,3143.187821,3171.205786,3284.99213,3382.769042,3585.815522,3709.657721,4060.429098,4367.470625,4313.184188,
Samoa,..,..,..,..,..,..,..,..,..,..,..,..,..,..,..,..,..,..,..,..,..,..,1062.690167,1065.281478,1076.659788,1115.565448,1172.378143,1172.378734,1148.93743,1183.991089,1123.841473,1089.913214,1079.240273,1114.116677,1076.062221,1135.660233,1205.818516,1202.591427,1218.673585,1235.048401,1312.030102,1397.403965,1453.584334,1519.352155,1590.059281,1674.166657,1691.383634,1800.061381,1739.014215,
San Marino,..,..,..,..,..,..,..,..,..,..,..,..,..,..,..,..,..,..,..,..,..,..,..,..,..,..,..,..,..,..,..,..,..,..,..,..,..,..,..,..,..,..,..,..,30224.75708,31332.85973,32520.1949,33535.80601,..,
Saudi Arabia,..,..,..,..,..,..,..,..,6976.376519,7125.703683,7672.082458,8823.240569,10424.97627,12500.58646,15176.6624,15172.09801,16216.40466,16428.98482,15379.61607,15941.94153,16005.58252,15782.25438,13215.92711,11433.7899,10458.75894,9463.034375,9419.446551,8583.42744,8849.304763,8484.037329,8864.56789,9472.798372,9707.54491,9469.776838,9296.89217,9085.035348,9160.01832,9164.943425,9191.492808,8896.931189,9128.112788,8979.744546,8796.941804,9266.043897,9543.292377,9816.375838,9886.930754,10012.24045,10250.43478,
Senegal,608.408934,609.7103629,592.4051338,586.8674603,592.3728923,582.5680632,581.0097079,555.910405,572.0076214,517.3191546,543.5540824,525.3522647,540.9780705,494.6105057,499.4649084,521.0116818,551.0532249,521.1776929,486.7207704,506.4076907,475.9853385,486.0214028,509.2654969,468.3669506,471.9578965,473.4067039,474.0217325,488.3214799,471.3813875,476.0702619,459.4571593,458.0325931,450.9252288,444.3164096,432.2045613,443.1243155,439.9345291,441.5980407,455.2719382,471.4469199,473.8365264,482.7238476,473.4061852,492.0050121,507.642389,522.3363278,521.5978063,532.6512114,536.0482629,
Serbia,..,..,..,..,..,..,..,..,..,..,..,..,..,..,..,..,..,..,..,..,..,..,..,..,..,..,..,..,..,..,2281.833434,2055.998997,1487.632437,1026.678001,1047.537753,1110.813209,1202.133518,1333.800075,1381.938083,1137.298549,1192.51091,1252.421941,1305.947723,1342.011638,1458.764278,1553.714394,1648.705389,1779.996,1809.685005,
Seychelles,2379.311385,2200.408277,2322.966979,2494.233033,2576.508025,2485.941371,2475.7341,2427.807643,2548.722167,2488.797035,2647.173963,2997.725084,3116.777669,3326.796025,3302.000923,3342.100523,3815.440632,3519.059358,4197.804155,4793.067063,4531.964848,4113.189137,4026.872305,3923.040873,4067.235286,4486.337327,4446.920001,4610.494052,4824.361303,5322.881005,5645.415813,5739.351472,6072.95358,6355.749608,6201.512969,6037.65184,6242.293166,6907.435651,7342.877917,7334.842047,7578.851053,7400.246821,7266.462762,6913.010246,6740.379744,7208.968268,7650.467007,8164.566884,8208.320615,
Sierra Leone,216.7777193,217.1946489,223.4070806,223.5101526,234.5352375,247.205099,247.1921396,243.0862018,243.735501,259.9093957,277.3277001,281.8059637,279.1838064,280.1939049,284.4673319,283.5136379,276.4797137,270.7975951,271.3891507,277.559006,284.8137463,286.9960298,294.7403461,282.7142482,287.8690716,266.0515069,262.1017742,273.0053889,246.8382629,243.41827,248.4334058,253.4834862,206.2383001,210.9725668,208.649708,192.8172432,202.3715964,167.6744555,164.5097648,148.5160064,150.3902792,172.0359376,210.9468956,221.176751,228.4597751,236.1783975,245.4991821,254.1021104,261.4381576,
Singapore,2251.283286,2478.109481,2409.158656,2557.944013,2506.638315,2733.070649,2953.681877,3240.910881,3618.074589,4046.84118,4530.665909,4982.879511,5550.048443,6053.456278,6313.772828,6416.995288,6779.986274,7207.101738,7724.616245,8345.987752,9042.504222,9456.518438,9693.997246,10385.99807,11041.60936,10866.35326,11109.09501,12016.37623,13060.84504,13951.85307,14657.84463,15179.72384,15664.30337,17064.88504,18451.32129,19358.64733,20035.65121,20990.311,20009.70081,21280.17996,23018.65935,21868.74188,22570.5724,23703.85584,25650.92132,26885.83803,28233.75827,29185.16035,27990.65613,
Slovak Republic,..,..,..,..,..,..,..,..,..,..,..,..,..,..,..,..,..,..,..,..,..,..,..,..,4807.733052,4946.22037,5112.146687,5220.443964,5296.484122,5339.430975,5210.58728,4451.206549,4133.631909,3967.155912,4195.453446,4427.039301,4773.484374,5038.390553,5250.692133,5247.861362,5326.059737,5521.739477,5774.947944,6050.308929,6351.367181,6768.986301,7338.569455,8106.06042,8591.425872,
Slovenia,..,..,..,..,..,..,..,..,..,..,..,..,..,..,..,..,..,..,..,..,..,..,..,..,..,..,..,..,..,..,8317.186807,7563.321342,7168.348004,7483.873709,7794.987566,8074.458551,8358.745283,8791.172548,9120.157313,9595.497537,9998.994451,10268.39427,10665.71954,10958.77503,11421.08677,11896.88937,12559.14746,13333.94445,13784.23447,
Solomon Islands,..,..,..,..,..,..,..,..,..,..,..,..,..,..,..,..,..,..,..,..,..,..,..,..,..,..,..,..,..,..,1086.844609,1119.743271,1226.145149,1238.738389,1314.410479,1382.660032,1365.858664,1309.111156,1296.073613,1254.924131,1047.064131,938.0091311,888.0480312,921.5012342,941.8718794,967.8687165,1009.030016,1089.385186,1136.202433,
South Africa,2207.367265,2221.507333,2293.634824,2400.760301,2530.648158,2689.996432,2748.873115,2884.273818,2940.665036,3013.970952,3104.019126,3163.036052,3142.535594,3212.637247,3333.722248,3316.4584,3318.59344,3246.418906,3274.524348,3324.781399,3463.247505,3561.262393,3459.790512,3309.970762,3389.64262,3262.741233,3180.687999,3167.456897,3222.656138,3226.925751,3151.837477,3056.098546,2929.028765,2903.199631,2933.724854,2960.420756,3019.966213,3029.774283,2974.682343,2972.204478,3019.946548,3046.308641,3127.808549,3186.260295,3301.876324,3425.541046,3569.867907,3715.81023,3763.819259,
Spain,3715.882779,4116.749656,4479.446354,4858.335365,5063.019079,5323.56623,5649.920284,5833.736039,6153.919356,6632.277216,6841.767689,7073.805735,7593.005325,8099.272965,8472.331656,8430.003117,8606.251079,8745.89867,8774.68357,8700.263132,8826.306205,8731.700743,8793.474949,8907.341184,9030.303956,9207.457835,9479.610265,9982.134246,10468.42212,10951.94112,11346.1747,11604.25747,11673.50283,11517.22981,11760.03312,12056.07406,12318.96207,12761.84524,13285.51143,13844.52806,14421.94074,14780.20156,14961.8212,15171.51013,15414.96497,15712.09386,16057.35402,16362.67926,16306.38596,
Sri Lanka,279.301352,283.7638854,287.3935233,287.5680919,291.6894134,291.9542404,299.2760605,310.9303338,321.1907013,337.989823,343.1509125,340.1516629,331.7143322,347.9728089,354.2610146,368.7422478,373.8588149,385.6898782,400.2396422,418.6497955,436.0512393,454.0346939,466.2254034,482.1278706,500.0215296,518.0363173,533.3249785,535.2090361,541.0994907,546.2952287,573.9157433,593.008537,611.8512277,646.8126862,676.0019824,706.4933252,727.148159,767.8688169,798.5081314,827.7970527,872.665518,855.3725803,883.4571769,923.6354395,959.4656605,1008.676522,1074.11925,1140.016646,1199.086925,
Sudan,284.2991526,277.4676754,289.456706,274.3812073,264.7000407,275.7286922,259.3510061,256.5457505,254.9894242,251.7897609,259.4602096,257.7820583,237.5460391,231.8687382,250.5217165,280.9606197,317.6674256,327.010365,298.0421401,274.1455641,269.3951207,279.9611343,286.8525022,283.2981898,260.8803269,237.6052939,244.0634479,272.2233704,265.2471103,282.4170126,260.6748093,273.3274955,283.8792015,289.1368532,284.444861,293.739015,303.1814605,326.7228856,332.3473123,334.4892589,354.2903591,368.0862253,379.9374722,399.02437,411.045056,428.0379761,466.1621718,502.2675304,532.1248665,
Suriname,..,..,..,..,..,..,..,..,..,..,..,..,..,..,..,2489.747796,2416.710889,2665.910468,2859.606303,2684.336212,2536.233698,2532.535998,2477.736672,2391.756127,2284.046318,2224.205876,2122.654365,1809.040708,1928.64917,2094.120193,2050.384335,2076.153146,2043.193815,1869.777543,1905.064945,1900.147459,1897.999257,1979.378058,1982.385954,1937.94214,1909.753636,1968.583709,2034.578605,2127.004347,2267.59774,2328.193103,2417.893287,2517.855603,2622.85561,
Swaziland,..,..,..,..,..,..,..,..,..,..,576.8918534,637.7547048,652.9479483,690.8743682,708.7832143,783.1443453,743.3006571,727.7674809,714.7689067,714.5792539,779.4888525,867.7712128,853.1419675,838.1921316,861.2658887,861.8025334,928.7177958,1018.843357,1039.459699,1127.571346,1195.480102,1192.197014,1183.585207,1191.865279,1212.382451,1221.524342,1236.210179,1252.253071,1256.852168,1274.042875,1379.672111,1377.266346,1391.273523,1436.60814,1463.280933,1483.089785,1509.1671,1542.221686,1557.010334,
Sweden,11337.2628,11917.66604,12356.20203,12942.64358,13722.65434,14112.58317,14271.1061,14638.90826,15083.32488,15731.60405,16607.92304,16650.94343,16981.71611,17622.99502,18133.12536,18523.40297,18653.37844,18288.8967,18555.27374,19225.98052,19515.1738,19452.29763,19672.56379,20014.16523,20854.00993,21277.46428,21833.93005,22510.76431,23009.63431,23490.38396,23544.73594,23122.95875,22711.31412,22114.86691,22825.13254,23596.81427,23908.96187,24479.37062,25406.21645,26556.93347,27688.89257,27903.11541,28479.8813,28920.8811,29993.91377,30873.18783,31984.07531,32560.4286,32257.65815,
Switzerland,18970.15356,20236.62795,20673.32767,21225.07636,21974.11948,22179.87497,22487.73489,22888.73647,23413.03031,24457.78474,25473.70536,26272.91729,26854.74564,27475.84846,27823.67558,25950.27496,25823.90381,26531.80182,26598.29741,27200.90705,28596.76917,28942.49914,28392.70547,28418.84021,29203.31932,30098.45938,30452.49128,30641.54476,31530.53015,32578.52315,33488.27923,32742.14026,32417.27746,32063.39386,32185.4257,32082.55887,32133.57151,32735.77122,33495.56706,33792.15613,34787.10405,34966.07702,34856.39827,34530.2501,35162.24508,35812.20353,36792.21981,37677.68996,37871.61468,
Syria,476.864089,512.660639,619.081754,548.2535034,580.5300676,575.1754877,514.115739,538.5094458,540.3080131,620.6413126,577.4059035,613.8185448,742.1865935,656.3603331,787.712913,910.1198701,976.1637772,931.4772638,978.4386109,978.7575217,1056.86441,1114.827279,1095.958252,1070.104116,988.9441653,1012.254642,929.3556097,915.8634209,1004.324558,886.1611058,925.3493638,969.4025709,1068.813115,1093.315831,1145.934955,1181.157711,1203.234704,1196.102519,1242.095397,1168.996611,1170.495888,1198.714207,1212.008374,1196.632747,1228.042344,1242.415612,1274.144567,1295.495318,1329.845013,
Tajikistan,..,..,..,..,..,..,..,..,..,..,..,..,..,..,..,..,..,..,..,..,..,..,..,..,..,457.0733197,458.3504913,438.4960146,484.0085007,439.6581199,426.070505,387.3564811,270.0036102,222.1282461,172.242479,148.7262467,122.1356185,122.4922092,127.254207,130.2818248,139.4079866,151.9074704,163.9519424,178.7271079,195.406235,205.8744278,217.2430888,230.6962429,244.9629511,
Tanzania,..,..,..,..,..,..,..,..,..,..,..,..,..,..,..,..,..,..,..,..,..,..,..,..,..,..,..,..,..,..,275.0309438,271.5517388,264.0218689,258.3524787,254.0672773,255.3094317,259.5389572,261.7154627,264.6584136,267.2303045,273.813436,283.4749121,296.1274203,304.5278881,316.3582852,330.4565558,342.9879547,357.2106215,372.9558617,
Thailand,317.0792415,324.0207324,337.9752515,354.0046065,366.8451679,385.0685573,415.3214122,438.0130997,460.0763864,476.5301435,516.4458931,527.3711483,535.7374957,575.7352188,586.737697,601.2340647,642.1350317,689.5465074,743.8359266,766.6635094,788.65804,816.8142786,841.5908397,869.4915189,900.7789247,924.8567216,959.2163975,1033.946331,1154.196355,1276.874112,1400.312056,1499.999086,1600.308666,1711.178973,1844.381539,1995.437132,2096.440366,2054.071948,1826.913936,1895.058098,1968.428282,1990.514592,2071.917094,2192.725861,2304.836716,2386.581321,2488.230336,2592.485725,2640.289617,
Timor-Leste,..,..,..,..,..,..,..,..,..,..,..,..,..,..,..,..,..,..,..,..,..,..,..,..,..,..,..,..,..,..,..,..,..,..,..,..,..,..,..,342.8967255,387.8279427,331.8071085,327.2351743,312.8240219,311.0176177,316.7604712,287.6830821,299.7723046,328.664058,
Togo,182.6355639,202.2209751,207.4418944,214.8630833,240.6418664,269.8078678,283.8568656,285.9096739,285.9426791,302.6334226,298.0535912,288.0926204,301.0882657,304.6180051,311.6379001,311.6210558,298.0473855,311.4093484,337.4700601,311.5182998,346.2463183,323.5841224,300.735546,273.8037209,278.2629161,283.1804867,277.697655,269.7144372,278.4038689,281.0659284,272.7134161,264.1787431,248.0317378,205.9887684,231.1905027,242.5043655,255.6885047,282.491138,266.2991527,263.6180444,253.2851725,245.5132773,248.7926154,249.0108213,250.1085793,246.8249673,250.0733947,248.5316777,245.1179985,
Tonga,..,..,..,..,..,..,..,..,..,..,..,..,..,..,..,..,..,..,..,..,..,1046.231216,1106.510652,1142.855724,1176.083274,1262.063242,1290.947977,1325.978652,1293.507027,1289.467454,1254.494981,1326.275347,1320.903188,1361.78043,1421.468329,1455.463561,1473.647872,1439.354012,1473.373007,1523.626807,1571.226163,1615.518603,1618.822807,1654.814172,1689.2193,1618.400619,1665.434341,1659.713728,1665.625725,
Trinidad and Tobago,3335.195661,3736.022797,3790.789932,3965.536869,4227.235838,4205.971186,4311.286225,4324.402818,4469.616275,4517.386128,4614.455921,4614.574674,4842.393958,4889.018244,5038.246761,5067.312778,5334.775038,5751.900111,6243.703928,6373.659833,6924.76584,7117.602472,7270.32538,6482.669361,6010.738704,5685.537243,5442.42748,5154.557888,4923.528756,4855.846644,4898.60875,4994.252467,4874.270761,4765.818009,4898.700429,5058.533387,5227.665497,5341.42338,5729.948808,5956.15046,6296.282687,6529.394427,7027.632592,8014.38659,8617.768416,9050.979025,10217.03147,10738.0018,11070.72308,
Tunisia,..,624.5851058,643.5833729,707.0244774,726.2868831,729.2296677,738.2560672,723.9175984,783.0395597,804.2272814,826.0545568,899.0565984,1041.344248,1016.407259,1077.482369,1130.455525,1191.607476,1201.424449,1245.012363,1291.312874,1350.541676,1387.798248,1345.239567,1372.338042,1422.915197,1458.190913,1392.541244,1448.71408,1417.864745,1424.30917,1500.63824,1528.52733,1614.514061,1617.948136,1639.452703,1651.38765,1743.73988,1813.535584,1876.204548,1963.991234,2033.071277,2108.913299,2120.055216,2224.770246,2337.121518,2406.665747,2518.017524,2651.993879,2743.855868,
Turkey,1578.50921,1555.999803,1601.708491,1704.074464,1753.398951,1759.156045,1909.11694,1951.326476,2038.054107,2069.087267,2082.407608,2141.937861,2241.092013,2254.022534,2319.502212,2424.732425,2615.084396,2642.535827,2622.786737,2549.464943,2433.048617,2495.948058,2529.343571,2599.074524,2716.904136,2776.711853,2915.910855,3135.255495,3152.090502,3106.667618,3335.761014,3301.334489,3407.227959,3604.188036,3376.545165,3580.146827,3778.976962,3996.84799,4021.552708,3824.095677,4020.618636,3736.196371,3911.164943,4061.792054,4383.870698,4690.831223,4950.278199,5116.387061,5098.74337,
Turkmenistan,..,..,..,..,..,..,..,..,..,..,..,..,..,..,..,..,..,..,..,..,..,..,..,..,..,..,..,1051.633052,1138.604295,1062.2301,1041.687765,965.2324721,888.1710794,777.2824387,626.6031005,568.8000907,521.0861301,455.2724586,479.455172,551.3403592,645.2329528,766.1002849,874.1685728,1008.390838,1164.423389,1297.054391,1425.05974,1569.052553,1700.195905,
Uganda,..,..,..,..,..,..,..,..,..,..,..,..,..,..,..,..,..,..,..,..,..,..,183.4786682,188.1623509,181.6218836,169.8224086,164.587089,164.9878957,172.1488317,176.5145876,181.3361831,184.843729,184.7417066,193.5506914,199.3333899,215.3200801,227.6446493,232.0510497,236.1612015,247.5087938,253.4803925,257.7540538,265.6304505,273.8319471,283.1176352,291.392101,312.4483693,328.3648637,348.0900302,
Ukraine,..,..,..,..,..,..,..,..,..,..,..,..,..,..,..,..,..,..,..,..,..,..,..,..,..,..,..,1405.899262,1435.599836,1483.943819,1386.597008,1267.326182,1141.121045,978.2410109,757.6393636,670.4856861,608.8159886,595.9567816,589.8821355,594.2795457,635.7089682,701.2094906,745.0390011,821.7133693,928.1552911,960.2262143,1037.312259,1125.959706,1155.846418,
United Arab Emirates,..,..,..,..,..,..,..,..,..,..,..,..,..,49329.20449,47533.42493,42854.07966,42157.96774,42726.90624,36517.39556,40633.75542,46605.65802,44185.69108,37819.82038,33637.7632,33191.91345,29268.67839,22435.66328,22512.69,20766.2484,22311.64819,24850.21043,23635.15886,23057.35209,21700.08054,22081.85079,22546.28328,22597.21531,22731.68842,22358.17016,21937.78361,21800.57058,21030.7026,20512.83936,21888.9383,22990.92471,23925.64898,25287.20298,26071.06298,..,
United Kingdom,10479.6779,10661.03563,10704.30065,11058.68824,11537.11203,11780.54878,11957.50573,12163.49782,12589.7678,12790.94546,13055.44198,13256.64448,13694.97633,14654.24441,14418.70878,14341.05471,14742.2092,15084.9045,15588.59986,15980.75061,15626.01882,15413.82382,15742.08563,16307.07238,16716.14667,17278.56645,17930.26205,18708.45509,19606.27383,20001.44533,20097.14326,19756.11402,19731.64901,20121.83799,20929.73472,21509.59442,22072.63517,22743.96189,23495.48147,24230.615,25089.44638,25613.09001,26053.56134,26679.32616,27272.66288,27673.63496,28281.26649,28944.89357,28955.36048,
United States,14091.08119,14228.54771,14740.63714,15121.13006,15740.58811,16416.77829,17193.52297,17470.44541,18021.99576,18323.01286,18150.03024,18542.23952,19370.54541,20314.38023,20034.22896,19802.93833,20670.99319,21417.64174,22382.01137,22840.63895,22567.93927,22911.45529,22246.01146,23038.85505,24484.25739,25264.37014,25890.65226,26518.33141,27362.0751,28062.26425,28262.62003,27833.31555,28365.70324,28747.41746,29550.48152,29941.63994,30703.72763,31716.03883,32671.26813,33748.20814,34605.84324,34512.52622,34737.52971,35304.45086,36253.35272,37003.19054,37674.24245,38062.99578,37867.10518,
Uruguay,4339.87439,4391.007619,4268.515642,4225.183695,4279.240171,4277.279563,4362.465305,4161.390207,4202.332657,4416.569028,4495.937739,4471.201448,4407.314517,4418.504883,4543.330251,4810.043417,4979.644835,5024.547769,5260.008829,5547.623181,5832.289142,5884.714684,5276.252746,4703.948569,4620.718479,4658.8217,5037.451264,5406.345598,5452.288594,5477.48839,5457.765575,5612.614605,6015.585003,6131.398368,6530.064823,6388.17193,6708.322883,7002.287023,7280.731414,7041.13048,6914.362582,6665.134823,5929.541334,6067.651701,6788.562477,7229.474604,7545.560152,8094.583964,8788.036832,
Uzbekistan,..,..,..,..,..,..,..,..,..,..,..,..,..,..,..,..,..,..,..,..,..,..,..,..,..,..,..,643.3683505,685.4610085,689.9725786,684.7222036,666.97965,578.5541131,552.5472066,513.632001,499.8947288,498.761383,514.8978427,528.4640553,543.3042139,558.2302023,574.2904721,590.058588,607.7253728,647.0123356,684.2872576,725.4126726,783.0333257,839.572714,
Vanuatu,..,..,..,..,..,..,..,..,..,..,..,..,..,..,..,..,..,..,..,1178.984003,1016.602945,1032.607856,1115.793505,1240.845489,1328.713365,1310.791143,1278.630697,1212.623805,1163.300637,1151.388317,1251.90586,1254.466909,1248.684475,1220.850565,1294.731362,1275.822417,1278.107429,1316.293784,1349.168282,1282.078111,1289.035435,1226.484683,1106.634554,1111.167403,1140.545477,1182.300219,1237.234379,1288.007896,1338.61191,
Venezuela,5425.418975,5390.776355,5636.287738,5645.420063,6053.674865,6090.829249,5978.547548,5949.818159,6182.695208,6026.382984,6278.958125,6160.228185,6029.901363,6239.797591,6151.307561,6112.063338,6356.686174,6521.483819,6447.418313,6284.099529,5820.011817,5620.499655,5340.346924,4991.688754,4923.357323,4800.957486,4981.422963,5030.864859,5194.644417,4637.391973,4823.487126,5175.666615,5366.577735,5263.645046,5029.950337,5119.602561,5005.250067,5218.154035,5132.015852,4733.817832,4818.70818,4890.92999,4377.382134,3966.499729,4610.489039,5000.076202,5424.779381,5783.763297,5964.45369,
Vietnam,..,..,..,..,..,..,..,..,..,..,..,..,..,..,..,..,..,..,..,..,..,..,..,..,198.5291059,201.9667162,202.841641,205.0031105,210.3754204,220.5996509,226.8579788,235.3810851,250.6033959,265.6035667,283.7125596,305.2409248,327.8211316,349.0951787,364.1039816,376.5879767,401.5245271,423.4795866,447.5384452,473.4159397,503.2681524,538.6961712,575.8839299,617.1152281,647.1984828,
West Bank and Gaza,..,..,..,..,..,..,..,..,..,..,..,..,..,..,..,..,..,..,..,..,..,..,..,..,..,..,..,..,..,..,..,..,..,..,1228.834322,1245.626154,1225.618054,1320.210414,1428.822803,1501.020957,1369.193147,1126.818895,978.5614288,1002.895151,1029.052035,1056.296466,..,..,..,
"Yemen, Rep.",..,..,..,..,..,..,..,..,..,..,..,..,..,..,..,..,..,..,..,..,..,..,..,..,..,..,..,..,..,..,447.3319298,435.2638349,448.9372734,444.9701225,434.2611239,465.2445854,475.6433365,496.878667,513.2482511,512.1246441,519.2834674,527.4971813,532.333319,533.1247955,538.4918562,552.4382541,553.9390741,555.9888115,561.3339724,
Zambia,544.5376526,536.0972315,507.4566836,508.5244144,553.5658406,626.2858875,573.5389548,600.1717617,589.0049757,568.078276,576.2780561,556.9468596,588.0124734,562.8434956,578.999857,547.1117934,562.1061146,519.0375872,505.0840263,474.0610606,472.7544003,485.8058924,457.0460068,433.80813,418.6956049,412.1432157,402.2406014,400.2980344,412.5251158,396.1361802,382.7321653,371.7155838,355.1313825,368.856559,327.7638852,309.6613461,321.8217317,322.9869865,308.0886108,306.4441064,309.3178881,316.6946291,317.9239552,328.5574941,338.7725224,348.3080491,361.2537493,374.477385,387.3125704,
Zimbabwe,466.0658918,479.6294305,470.7745313,483.9256496,463.0607947,470.1424668,462.035553,484.7541218,478.5408456,520.6902466,617.3458869,650.0380909,680.4259492,674.5351429,695.1903583,659.4203076,641.3499781,578.6188992,545.1023701,544.393332,600.9661608,651.1087806,642.5648601,627.3160768,591.6229427,608.9901406,599.2258276,584.9132897,608.1063841,619.6733158,643.6862085,661.1382793,586.8636877,579.879792,620.6509263,610.2567777,662.2796588,669.8944267,680.4521641,649.4427111,594.0593446,575.8447721,549.8366666,492.9478626,474.8951119,450.3461981,..,..,..,